"","player.name","team","age","height","weight","school","country","GP","REB","NETRTG","OREB.","DREB","USG.","TS.","AST.","Season","G...4","MP...5","G...6","GS","MP...8","FG","FGA","FG.","X3P","X3PA","X3P.","X2P","X2PA","X2P.","FT","FTA","FT.","ORB","TRB","STL","BLK","TOV","PF","PTS","AST","Pos_C","Pos_F","Pos_G","Pos_NA"
"1","A'ja Wilson","LVA",0.3,0.6875,0.59349593495935,"South Carolina","USA",0.948717948717949,0.908396946564886,0.913893291072372,"6.2%","27.0%","31.0%","59.1%","14.0%","23-24",0.948717948717949,0.892612859097127,0.948717948717949,0.95,0.886792452830189,1,1,0.776611694152924,0.161290322580645,0.179775280898876,0.317,1,1,0.536,1,1,0.844,0.411764705882353,0.908396946564886,0.857142857142857,1,0.232142857142857,0.45,1,0.273809523809524,1,0,0,0
"2","Aari McDonald","LAS",0.2,0.0625,0.154471544715447,"Arizona","USA",0.641025641025641,0.152671755725191,0.849973586899102,"2.2%","7.4%","20.2%","52.9%","29.5%","23-24",0.641025641025641,0.386456908344733,0.641025641025641,0.25,0.547169811320755,0.297029702970297,0.372448979591837,0.604197901049475,0.354838709677419,0.393258426966292,0.319,0.1875,0.211111111111111,0.48,0.278688524590164,0.277777777777778,0.843,0.0980392156862745,0.152671755725191,0.428571428571429,0.0769230769230769,0.321428571428571,0.5,0.323420074349442,0.44047619047619,0,0,1,0
"3","Aerial Powers","ATL",0.45,0.375,0.390243902439024,"Michigan State","USA",0.41025641025641,0.251908396946565,0.830956154252509,"4.6%","13.1%","24.0%","46.5%","16.1%","23-24",0.41025641025641,0.205882352941176,0.41025641025641,0.05,0.442048517520216,0.287128712871287,0.413265306122449,0.532233883058471,0.258064516129032,0.235955056179775,0.389,0.21875,0.333333333333333,0.343,0.327868852459016,0.347222222222222,0.791,0.176470588235294,0.251908396946565,0.428571428571429,0.0769230769230769,0.196428571428571,0.525,0.319702602230483,0.166666666666667,0,0,1,0
"4","Alanna Smith","MIN",0.3,0.6875,0.495934959349593,"Stanford","Australia",0.974358974358974,0.427480916030534,0.946645536185948,"6.2%","14.3%","18.2%","57.5%","19.5%","23-24",0.974358974358974,0.705882352941177,0.974358974358974,0.975,0.673854447439353,0.376237623762376,0.408163265306122,0.706146926536732,0.387096774193548,0.337078651685393,0.398,0.270833333333333,0.277777777777778,0.515,0.229508196721311,0.25,0.75,0.313725490196078,0.427480916030534,0.666666666666667,0.576923076923077,0.339285714285714,0.775,0.37546468401487,0.380952380952381,0,1,0,0
"5","Alissa Pili","MIN",0.05,0.5625,0.91869918699187,"Utah","USA",0.538461538461538,0.0916030534351145,0.810353935552034,"4.6%","16.4%","21.1%","53.2%","6.8%","23-24",0.538461538461538,0.0923392612859097,0.538461538461538,0,0.129380053908356,0.0891089108910891,0.102040816326531,0.632683658170914,0.129032258064516,0.134831460674157,0.333,0.0520833333333333,0.0444444444444444,0.556,0.0491803278688525,0.0694444444444444,0.545,0.0588235294117647,0.0916030534351145,0.0952380952380952,0.0384615384615385,0.160714285714286,0.325,0.0892193308550186,0.0238095238095238,0,1,0,0
"6","Aliyah Boston","IND",0.05,0.75,0.796747967479675,"South Carolina","USA",1,0.679389312977099,0.871104067617538,"9.2%","19.1%","19.9%","56.6%","16.9%","23-24",1,0.843365253077975,1,1,0.792452830188679,0.584158415841584,0.571428571428571,0.793103448275862,0.0645161290322581,0.0786516853932584,0.269,0.59375,0.583333333333333,0.545,0.327868852459016,0.388888888888889,0.736,0.549019607843137,0.679389312977099,0.428571428571429,0.461538461538462,0.357142857142857,0.825,0.520446096654275,0.380952380952381,0,1,0,0
"7","Allisha Gray","ATL",0.4,0.4375,0.365853658536585,"South Carolina","USA",1,0.33587786259542,0.874801901743265,"3.2%","9.9%","21.4%","52.6%","14.7%","23-24",1,0.905608755129959,1,1,0.8544474393531,0.504950495049505,0.647959183673469,0.604197901049475,0.548387096774194,0.573033707865168,0.342,0.354166666666667,0.427777777777778,0.443,0.59016393442623,0.652777777777778,0.769,0.215686274509804,0.33587786259542,0.523809523809524,0.269230769230769,0.303571428571429,0.6,0.579925650557621,0.321428571428571,0,0,1,0
"8","Alysha Clark","LVA",0.75,0.375,0.365853658536585,"Middle Tennessee","USA",1,0.274809160305344,0.927099841521395,"2.2%","12.1%","11.9%","58.7%","10.6%","23-24",1,0.662790697674419,1,0.45,0.61455525606469,0.207920792079208,0.244897959183673,0.664167916041979,0.387096774193548,0.359550561797753,0.373,0.104166666666667,0.0944444444444444,0.576,0.0983606557377049,0.0972222222222222,0.821,0.0980392156862745,0.274809160305344,0.380952380952381,0.115384615384615,0.25,0.675,0.223048327137546,0.214285714285714,0,1,0,0
"9","Alyssa Thomas","CON",0.5,0.5625,0.658536585365854,"Maryland","USA",1,0.641221374045802,0.919175911251981,"7.7%","20.5%","18.2%","54.3%","40.3%","23-24",1,0.884404924760602,1,1,0.83288409703504,0.415841584158416,0.418367346938775,0.76311844077961,0,0.0112359550561798,0,0.4375,0.45,0.516,0.377049180327869,0.5,0.628,0.490196078431373,0.641221374045802,0.761904761904762,0.192307692307692,0.642857142857143,0.525,0.394052044609665,0.94047619047619,0,1,0,0
"10","Amy Atwell","PHO",0.2,0.4375,0.349593495934959,"Hawaii","Australia",0.128205128205128,0.0763358778625954,0.744849445324881,"5.7%","3.8%","14.3%","43.6%","17.6%","23-24",0.128205128205128,0.0383036935704514,0.128205128205128,0,0.223719676549865,0.0693069306930693,0.127551020408163,0.400299850074962,0.161290322580645,0.247191011235955,0.231,0.0208333333333333,0.0166666666666667,0.5,0.114754098360656,0.111111111111111,0.8,0.0980392156862745,0.0763358778625954,0,0.0769230769230769,0.0535714285714286,0.125,0.0929368029739777,0.119047619047619,0,1,0,0
"11","Angel Reese","CHI",0,0.625,0.349593495934959,"Louisiana State","USA",0.846153846153846,1,0.884838880084522,"14.4%","25.1%","21.5%","46.4%","9.2%","23-24",0.846153846153846,0.753077975376197,0.846153846153846,0.85,0.835579514824798,0.475247524752475,0.627551020408163,0.586206896551724,0.032258064516129,0.0561797752808989,0.188,0.489583333333333,0.661111111111111,0.4,0.639344262295082,0.722222222222222,0.736,1,1,0.619047619047619,0.192307692307692,0.392857142857143,0.875,0.505576208178439,0.226190476190476,0,1,0,0
"12","Ariel Atkins","WAS",0.3,0.3125,0.365853658536585,"Texas-Austin","USA",1,0.259541984732824,0.863180137348125,"3.0%","8.7%","22.8%","55.2%","19.1%","23-24",1,0.816005471956224,1,1,0.765498652291105,0.534653465346535,0.63265306122449,0.655172413793103,0.645161290322581,0.617977528089888,0.357,0.364583333333333,0.383333333333333,0.5,0.344262295081967,0.347222222222222,0.848,0.176470588235294,0.259541984732824,0.714285714285714,0.153846153846154,0.410714285714286,0.7,0.553903345724907,0.369047619047619,0,0,1,0
"13","Arike Ogunbowale","DAL",0.25,0.1875,0.349593495934959,"Notre Dame","USA",0.948717948717949,0.351145038167939,0.837823560486001,"1.9%","10.2%","25.9%","52.0%","22.1%","23-24",0.948717948717949,1,0.948717948717949,0.95,1,0.722772277227723,0.979591836734694,0.574212893553223,0.935483870967742,0.955056179775281,0.346,0.458333333333333,0.594444444444444,0.412,0.754098360655738,0.694444444444444,0.921,0.156862745098039,0.351145038167939,1,0.115384615384615,0.482142857142857,0.7,0.825278810408922,0.607142857142857,0,0,1,0
"14","Astou Ndour-Fall","CON",0.4,0.75,0.414634146341463,"None","Spain",0.538461538461538,0.0610687022900763,0.751716851558373,"2.1%","17.8%","15.0%","43.6%","2.7%","23-24",0.538461538461538,0.060875512995896,0.538461538461538,0,0.0727762803234501,0.0396039603960396,0.0612244897959184,0.518740629685157,0.032258064516129,0.0561797752808989,0.2,0.03125,0.0388888888888889,0.438,0.0327868852459016,0.0416666666666667,0.833,0.0196078431372549,0.0610687022900763,0,0.0769230769230769,0.0178571428571429,0.125,0.0408921933085502,0,1,0,0,0
"15","Azurá Stevens","LAS",0.35,0.8125,0.471544715447154,"Connecticut","USA",0.487179487179487,0.534351145038168,0.817221341785526,"4.0%","25.2%","19.7%","50.6%","13.2%","23-24",NA,NA,NA,NA,NA,NA,NA,NA,NA,NA,NA,NA,NA,NA,NA,NA,NA,NA,NA,NA,NA,NA,NA,0.356877323420074,0.226190476190476,NA,NA,NA,1
"16","Betnijah Laney-Hamilton","NYL",0.45,0.4375,0.357723577235772,"Rutgers","USA",0.692307692307692,0.320610687022901,0.965662968832541,"3.6%","10.0%","18.0%","57.5%","16.6%","23-24",0.692307692307692,0.57797537619699,0.692307692307692,0.625,0.776280323450135,0.425742574257426,0.479591836734694,0.683658170914543,0.483870967741935,0.404494382022472,0.402,0.291666666666667,0.322222222222222,0.491,0.278688524590164,0.263888888888889,0.906,0.215686274509804,0.320610687022901,0.523809523809524,0,0.428571428571429,0.525,0.438661710037175,0.392857142857143,0,0,1,0
"17","Breanna Stewart","NYL",0.4,0.6875,0.390243902439024,"Connecticut","USA",0.948717948717949,0.648854961832061,0.946645536185948,"4.9%","20.3%","26.1%","56.9%","18.9%","23-24",0.948717948717949,0.848153214774282,0.948717948717949,0.95,0.840970350404313,0.693069306930693,0.775510204081633,0.686656671664168,0.387096774193548,0.460674157303371,0.295,0.604166666666667,0.616666666666667,0.519,0.868852459016394,0.875,0.845,0.313725490196078,0.648854961832061,0.809523809523809,0.5,0.303571428571429,0.525,0.758364312267658,0.416666666666667,0,1,0,0
"18","Brianna Turner","CHI",0.3,0.625,0.390243902439024,"Notre Dame","USA",0.666666666666667,0.152671755725191,0.773903856312731,"4.1%","16.4%","6.8%","61.4%","6.5%","23-24",0.666666666666667,0.170998632010944,0.666666666666667,0.05,0.212938005390836,0.0594059405940594,0.0510204081632653,0.922038980509745,0,0,NA,0.0625,0.0555555555555556,0.615,0,0.0138888888888889,0.5,0.0784313725490196,0.152671755725191,0.142857142857143,0.192307692307692,0.0714285714285714,0.25,0.0446096654275093,0.0476190476190476,0,1,0,0
"19","Bridget Carleton","MIN",0.25,0.5,0.447154471544715,"Iowa State","Canada",0.974358974358974,0.290076335877863,0.938193343898574,"3.4%","8.9%","13.2%","62.0%","11.6%","23-24",0.974358974358974,0.794117647058823,0.974358974358974,0.9,0.762803234501348,0.316831683168317,0.372448979591837,0.665667166416792,0.741935483870968,0.595505617977528,0.444,0.09375,0.111111111111111,0.443,0.131147540983607,0.138888888888889,0.789,0.176470588235294,0.290076335877863,0.476190476190476,0.115384615384615,0.178571428571429,0.525,0.356877323420074,0.261904761904762,0,1,0,0
"20","Brionna Jones","CON",0.35,0.625,0.75609756097561,"Maryland","USA",1,0.419847328244275,0.945589012150027,"8.1%","13.6%","21.5%","58.1%","9.9%","23-24",1,0.741450068399453,1,1,0.692722371967655,0.544554455445545,0.520408163265306,0.806596701649175,0.032258064516129,0.0449438202247191,0.143,0.572916666666667,0.55,0.552,0.442622950819672,0.5,0.738,0.431372549019608,0.419847328244275,0.571428571428571,0.230769230769231,0.232142857142857,0.675,0.509293680297398,0.178571428571429,0,1,0,0
"21","Brittney Griner","PHO",0.6,1,0.67479674796748,"Baylor","USA",0.743589743589744,0.50381679389313,0.882725832012678,"7.0%","15.6%","25.2%","62.5%","15.9%","23-24",0.743589743589744,0.58686730506156,0.743589743589744,0.75,0.733153638814016,0.722772277227723,0.642857142857143,0.868065967016492,0.0967741935483871,0.0674157303370786,0.5,0.729166666666667,0.666666666666667,0.583,0.475409836065574,0.513888888888889,0.777,0.352941176470588,0.50381679389313,0.238095238095238,0.576923076923077,0.321428571428571,0.475,0.661710037174721,0.273809523809524,1,0,0,0
"22","Brittney Sykes","WAS",0.45,0.25,0.260162601626016,"Syracuse","USA",0.435897435897436,0.312977099236641,0.885367142102483,"2.8%","14.7%","27.8%","49.0%","24.1%","23-24",0.435897435897436,0.284541723666211,0.435897435897436,0.45,0.587601078167116,0.445544554455446,0.566326530612245,0.6071964017991,0.290322580645161,0.370786516853933,0.271,0.375,0.433333333333333,0.461,0.377049180327869,0.430555555555556,0.75,0.117647058823529,0.312977099236641,0.428571428571429,0.153846153846154,0.392857142857143,0.35,0.453531598513011,0.369047619047619,0,0,1,0
"23","Caitlin Clark","IND",0.05,0.4375,0.24390243902439,"Iowa","USA",1,0.435114503816794,0.867934495509773,"1.0%","14.6%","26.2%","58.3%","38.3%","23-24",1,0.966484268125855,1,1,0.913746630727763,0.603960396039604,0.739795918367347,0.625187406296852,1,1,0.344,0.3125,0.311111111111111,0.533,0.672131147540984,0.625,0.906,0.0784313725490196,0.435114503816794,0.619047619047619,0.269230769230769,1,0.7,0.713754646840149,1,0,0,1,0
"24","Cameron Brink","LAS",0.05,0.6875,0.390243902439024,"Stanford","USA",0.358974358974359,0.404580152671756,0.83148441627047,"5.6%","17.9%","19.6%","49.6%","14.1%","23-24",0.358974358974359,0.222982216142271,0.358974358974359,0.375,0.549865229110512,0.267326732673267,0.352040816326531,0.596701649175412,0.225806451612903,0.235955056179775,0.323,0.21875,0.266666666666667,0.431,0.229508196721311,0.236111111111111,0.84,0.235294117647059,0.404580152671756,0.523809523809524,0.884615384615384,0.410714285714286,1,0.278810408921933,0.202380952380952,0,1,0,0
"25","Cecilia Zandalasini","MIN",0.3,0.5625,0.430894308943089,"None","Italy",1,0.0916030534351145,0.883254094030639,"1.1%","8.6%","17.2%","56.9%","15.1%","23-24",1,0.331053351573187,1,0,0.288409703504043,0.168316831683168,0.188775510204082,0.679160419790105,0.258064516129032,0.202247191011236,0.443,0.09375,0.111111111111111,0.462,0.0819672131147541,0.0972222222222222,0.621,0.0196078431372549,0.0916030534351145,0.19047619047619,0.0769230769230769,0.142857142857143,0.35,0.171003717472119,0.130952380952381,0,1,0,0
"26","Celeste Taylor","PHO",0.05,0.375,0.365853658536585,"Ohio State","USA",0.538461538461538,0.0992366412213741,0.905441098784997,"2.0%","6.3%","12.6%","41.5%","12.8%","23-24",0.358974358974359,0.203830369357045,0.358974358974359,0.1,0.501347708894879,0.128712871287129,0.204081632653061,0.475262368815592,0.129032258064516,0.224719101123595,0.2,0.09375,0.111111111111111,0.433,0.0983606557377049,0.152777777777778,0.563,0.0784313725490196,0.137404580152672,0.476190476190476,0.230769230769231,0.25,0.275,0.0966542750929368,0.154761904761905,0,0,1,0
"27","Charisma Osborne","PHO",0.05,0.25,0.357723577235772,"UCLA","USA",0.0256410256410256,0.0381679389312977,0.93608029582673,"0.0%","8.3%","16.0%","50.0%","20.0%","23-24",0.0256410256410256,0.00478796169630643,0.0256410256410256,0,0.0943396226415094,0.0495049504950495,0.0510204081632653,0.749625187406297,0,0,NA,0.0520833333333333,0.0555555555555556,0.5,0,0,NA,0,0.0381679389312977,0,0,0.178571428571429,0.125,0.0371747211895911,0.0595238095238095,0,0,1,0
"28","Chelsea Gray","LVA",0.5,0.375,0.390243902439024,"Duke","USA",0.666666666666667,0.221374045801527,0.936608557844691,"0.8%","9.8%","18.6%","51.3%","28.9%","23-24",0.666666666666667,0.478112175102599,0.666666666666667,0.625,0.660377358490566,0.306930693069307,0.387755102040816,0.611694152923538,0.32258064516129,0.325842696629213,0.338,0.21875,0.266666666666667,0.45,0.229508196721311,0.25,0.813,0.0392156862745098,0.221374045801527,0.619047619047619,0.269230769230769,0.428571428571429,0.35,0.319702602230483,0.583333333333333,0,0,1,0
"29","Chennedy Carter","CHI",0.2,0.25,0.170731707317073,"Texas A&M","USA",0.82051282051282,0.267175572519084,0.883254094030639,"2.3%","10.8%","28.4%","53.0%","22.6%","23-24",0.82051282051282,0.584815321477428,0.82051282051282,0.5,0.660377358490566,0.712871287128713,0.755102040816326,0.730134932533733,0.0967741935483871,0.101123595505618,0.29,0.71875,0.772222222222222,0.5,0.459016393442623,0.527777777777778,0.73,0.137254901960784,0.267175572519084,0.523809523809524,0.0769230769230769,0.303571428571429,0.8,0.650557620817844,0.369047619047619,0,0,1,0
"30","Cheyenne Parker-Tyus","ATL",0.5,0.6875,0.577235772357724,"Middle Tennessee","USA",0.615384615384615,0.366412213740458,0.828314844162705,"6.2%","17.6%","23.1%","53.1%","14.7%","23-24",0.615384615384615,0.334473324213406,0.615384615384615,0.275,0.490566037735849,0.326732673267327,0.38265306122449,0.665667166416792,0.032258064516129,0.0674157303370786,0.214,0.333333333333333,0.383333333333333,0.462,0.40983606557377,0.388888888888889,0.886,0.235294117647059,0.366412213740458,0.380952380952381,0.153846153846154,0.375,0.6,0.342007434944238,0.178571428571429,0,1,0,0
"31","Courtney Vandersloot","NYL",0.7,0.1875,0.121951219512195,"Gonzaga","USA",0.769230769230769,0.198473282442748,0.941362916006339,"1.9%","9.3%","15.8%","50.3%","33.1%","23-24",0.769230769230769,0.470588235294118,0.769230769230769,0.775,0.560646900269542,0.257425742574257,0.301020408163265,0.667166416791604,0.193548387096774,0.247191011235955,0.269,0.208333333333333,0.205555555555556,0.548,0.0819672131147541,0.138888888888889,0.548,0.0784313725490196,0.198473282442748,0.380952380952381,0.192307692307692,0.321428571428571,0.425,0.237918215613383,0.571428571428571,0,0,1,0
"32","Courtney Williams","MIN",0.4,0.1875,0.16260162601626,"South Florida","USA",1,0.358778625954199,0.946117274167987,"1.4%","15.2%","23.3%","48.7%","36.2%","23-24",1,0.723666210670315,1,1,0.673854447439353,0.485148514851485,0.561224489795918,0.664167916041979,0.193548387096774,0.191011235955056,0.333,0.447916666666667,0.511111111111111,0.463,0.147540983606557,0.152777777777778,0.81,0.0784313725490196,0.358778625954199,0.428571428571429,0.153846153846154,0.446428571428571,0.475,0.412639405204461,0.654761904761905,0,0,1,0
"33","Crystal Dangerfield","LAS",0.2,0,0.0650406504065041,"Connecticut","USA",0.82051282051282,0.0763358778625954,0.815636555731643,"0.4%","7.4%","15.6%","38.3%","25.5%","23-24",0.435897435897436,0.155266757865937,0.435897435897436,0.125,0.304582210242588,0.118811881188119,0.219387755102041,0.428785607196402,0.225806451612903,0.247191011235955,0.308,0.0625,0.116666666666667,0.263,0.0327868852459016,0.0416666666666667,0.667,0.0196078431372549,0.0763358778625954,0.19047619047619,0.0769230769230769,0.160714285714286,0.175,0.118959107806691,0.226190476190476,0,0,1,0
"34","Damiris Dantas","IND",0.5,0.625,0.747967479674797,"None","Brazil",0.487179487179487,0.16793893129771,0.899630216587427,"2.1%","18.1%","18.6%","56.1%","8.6%","23-24",0.487179487179487,0.141586867305062,0.487179487179487,0,0.242587601078167,0.168316831683168,0.188775510204082,0.68815592203898,0.225806451612903,0.191011235955056,0.394,0.114583333333333,0.116666666666667,0.512,0.0655737704918033,0.0833333333333333,0.667,0.0392156862745098,0.16793893129771,0.142857142857143,0.115384615384615,0.107142857142857,0.25,0.16728624535316,0.0714285714285714,0,1,0,0
"35","Dana Evans","CHI",0.2,0.0625,0.186991869918699,"Louisville","USA",0.974358974358974,0.083969465648855,0.793449550977285,"0.6%","5.5%","18.8%","50.9%","22.7%","23-24",0.974358974358974,0.506155950752394,0.974358974358974,0.3,0.474393530997305,0.237623762376238,0.331632653061224,0.565217391304348,0.354838709677419,0.314606741573034,0.376,0.145833333333333,0.205555555555556,0.378,0.19672131147541,0.180555555555556,0.96,0.0196078431372549,0.083969465648855,0.333333333333333,0.0384615384615385,0.25,0.3,0.267657992565056,0.285714285714286,0,0,1,0
"36","DeWanna Bonner","CON",0.75,0.6875,0.146341463414634,"Auburn","USA",1,0.458015267175573,0.932382461701004,"1.8%","18.2%","21.7%","52.4%","11.1%","23-24",1,0.867305061559507,1,0.975,0.816711590296496,0.524752475247525,0.653061224489796,0.622188905547226,0.483870967741935,0.550561797752809,0.294,0.40625,0.438888888888889,0.49,0.491803278688525,0.5,0.832,0.117647058823529,0.458015267175573,0.571428571428571,0.269230769230769,0.25,0.45,0.557620817843866,0.238095238095238,0,1,0,0
"37","Dearica Hamby","LAS",0.45,0.625,0.544715447154472,"Wake Forest","USA",1,0.702290076335878,0.829899630216588,"4.5%","23.9%","23.4%","56.6%","20.6%","23-24",1,0.918604651162791,1,1,0.867924528301887,0.663366336633663,0.668367346938775,0.767616191904048,0.258064516129032,0.247191011235955,0.341,0.625,0.605555555555556,0.547,0.508196721311475,0.694444444444444,0.631,0.294117647058824,0.702290076335878,0.809523809523809,0.0769230769230769,0.535714285714286,0.7,0.643122676579926,0.416666666666667,0,1,0,0
"38","Destanni Henderson","ATL",0.2,0.125,0.146341463414634,"South Carolina","USA",0.128205128205128,0.152671755725191,0.855784469096672,"0.0%","10.9%","16.5%","37.4%","21.4%","23-24",0.128205128205128,0.0697674418604651,0.128205128205128,0,0.431266846361186,0.168316831683168,0.244897959183673,0.517241379310345,0.0645161290322581,0.191011235955056,0.1,0.15625,0.177777777777778,0.474,0.0819672131147541,0.166666666666667,0.429,0,0.152671755725191,0.142857142857143,0.0769230769230769,0.303571428571429,0.2,0.148698884758364,0.297619047619048,0,0,1,0
"39","DiDi Richards","WAS",0.2,0.5625,0.341463414634146,"Baylor","USA",0.487179487179487,0.114503816793893,0.769677760169044,"4.9%","10.6%","13.8%","41.0%","12.0%","23-24",0.461538461538462,0.133378932968536,0.461538461538462,0.175,0.23989218328841,0.108910891089109,0.13265306122449,0.599700149925038,0,0.0224719101123595,0,0.114583333333333,0.133333333333333,0.435,0.0491803278688525,0.0972222222222222,0.429,0.0980392156862745,0.114503816793893,0.0476190476190476,0.0769230769230769,0.0714285714285714,0.2,0.0855018587360595,0.0833333333333333,0,0,1,0
"40","DiJonai Carrington","CON",0.25,0.375,0.430894308943089,"Baylor","USA",0.974358974358974,0.381679389312977,0.905441098784997,"4.6%","13.7%","21.7%","49.8%","9.3%","23-24",0.974358974358974,0.78796169630643,0.974358974358974,0.975,0.757412398921833,0.435643564356436,0.561224489795918,0.604197901049475,0.225806451612903,0.303370786516854,0.25,0.395833333333333,0.461111111111111,0.452,0.524590163934426,0.555555555555556,0.79,0.274509803921569,0.381679389312977,0.761904761904762,0.153846153846154,0.339285714285714,0.65,0.472118959107807,0.19047619047619,0,0,1,0
"41","Diamond DeShields","CHI",0.35,0.5,0.40650406504065,"Tennessee","USA",0.794871794871795,0.106870229007634,0.806656101426308,"1.5%","9.4%","19.4%","40.4%","17.8%","23-24",0.794871794871795,0.299589603283174,0.794871794871795,0.25,0.331536388140162,0.178217821782178,0.255102040816327,0.521739130434783,0.0967741935483871,0.179775280898876,0.173,0.15625,0.188888888888889,0.431,0.114754098360656,0.152777777777778,0.611,0.0392156862745098,0.106870229007634,0.285714285714286,0.115384615384615,0.160714285714286,0.4,0.16728624535316,0.154761904761905,0,0,1,0
"42","Diamond Miller","MIN",0.1,0.625,0.463414634146341,"Maryland","USA",0.512820512820513,0.137404580152672,0.816164817749604,"3.9%","12.9%","20.1%","38.3%","11.9%","23-24",0.512820512820513,0.143638850889193,0.512820512820513,0.1,0.231805929919137,0.099009900990099,0.168367346938775,0.455772113943028,0.0645161290322581,0.134831460674157,0.192,0.0833333333333333,0.111111111111111,0.372,0.114754098360656,0.152777777777778,0.583,0.0784313725490196,0.137404580152672,0.142857142857143,0,0.160714285714286,0.275,0.107806691449814,0.0714285714285714,0,1,0,0
"43","Diana Taurasi","PHO",1,0.4375,0.333333333333333,"Connecticut","USA",0.897435897435897,0.290076335877863,0.874273639725304,"1.3%","11.1%","22.8%","55.4%","20.0%","23-24",0.897435897435897,0.71203830369357,0.897435897435897,0.9,0.741239892183288,0.475247524752475,0.607142857142857,0.599700149925038,0.774193548387097,0.808988764044944,0.333,0.25,0.266666666666667,0.5,0.491803278688525,0.486111111111111,0.857,0.0784313725490196,0.290076335877863,0.285714285714286,0.115384615384615,0.339285714285714,0.65,0.553903345724907,0.404761904761905,0,0,1,0
"44","Dorka Juhász","MIN",0.15,0.75,0.560975609756098,"Connecticut","Hungary",0.846153846153846,0.290076335877863,0.912308505018489,"5.9%","17.5%","13.6%","53.0%","10.7%","23-24",0.846153846153846,0.372093023255814,0.846153846153846,0.175,0.393530997304582,0.198019801980198,0.214285714285714,0.718140929535232,0.0967741935483871,0.112359550561798,0.324,0.177083333333333,0.177777777777778,0.527,0.0655737704918033,0.0833333333333333,0.65,0.176470588235294,0.290076335877863,0.19047619047619,0.153846153846154,0.107142857142857,0.275,0.178438661710037,0.130952380952381,0,1,0,0
"45","Dulcy Fankam Mendjiadeu","SEA",0.15,0.625,0.666666666666667,"South Florida","Cameroon",0.153846153846154,0.0992366412213741,0.834653988378236,"9.5%","14.7%","8.8%","53.2%","4.0%","23-24",0.153846153846154,0.0225718194254446,0.153846153846154,0,0.0970350404312668,0.0297029702970297,0.0204081632653061,1,0,0,NA,0.03125,0.0222222222222222,0.667,0.0491803278688525,0.125,0.333,0.117647058823529,0.0992366412213741,0,0,0.0714285714285714,0.175,0.033457249070632,0.0119047619047619,0,1,0,0
"46","Dyaisha Fair","LVA",0.05,0,0.0650406504065041,"Syracuse","USA",0,0,0.601690438457475,"0.0%","0.0%","18.2%","0.0%","66.7%","23-24",0,0.000683994528043776,0,0,0.0673854447439353,0,0.102040816326531,0,0,0.112359550561798,0,0,0.0555555555555556,0,0,0,NA,0,0,0,0,0,0,0,0.238095238095238,0,0,1,0
"47","Elizabeth Williams","CHI",0.45,0.625,0.634146341463415,"Duke","United Kingdo",0.205128205128205,0.534351145038168,0.891178024300053,"8.9%","15.5%","16.6%","52.0%","9.7%","23-24",0.205128205128205,0.168262653898769,0.205128205128205,0.225,0.706199460916442,0.405940594059406,0.428571428571429,0.730134932533733,0,0,NA,0.427083333333333,0.466666666666667,0.487,0.295081967213115,0.375,0.667,0.549019607843137,0.534351145038168,0.809523809523809,0.653846153846154,0.303571428571429,0.525,0.371747211895911,0.19047619047619,1,0,0,0
"48","Emily Engstler","WAS",0.1,0.5,0.471544715447154,"Louisville","USA",0.794871794871795,0.305343511450382,0.882197569994717,"9.5%","18.5%","17.3%","60.2%","18.6%","23-24",0.794871794871795,0.315321477428181,0.794871794871795,0.075,0.350404312668464,0.237623762376238,0.244897959183673,0.740629685157421,0.258064516129032,0.202247191011236,0.474,0.15625,0.166666666666667,0.505,0.0983606557377049,0.0972222222222222,0.818,0.274509803921569,0.305343511450382,0.285714285714286,0.307692307692308,0.125,0.375,0.230483271375465,0.178571428571429,0,1,0,0
"49","Emma Cannon","LVA",0.65,0.5625,0.552845528455285,"Florida Southern","USA",0.102564102564103,0.0305343511450382,1,"0.0%","33.3%","18.2%","66.7%","14.3%","23-24",0.102564102564103,0.00410396716826265,0.102564102564103,0,0.00808625336927224,0.0396039603960396,0.0306122448979592,1,0,0.0224719101123595,0,0.0416666666666667,0.0222222222222222,1,0,0,NA,0,0.0305343511450382,0,0,0.0357142857142857,0,0.0297397769516729,0.0238095238095238,0,1,0,0
"50","Erica Wheeler","IND",0.55,0.125,0.170731707317073,"Rutgers","USA",0.974358974358974,0.106870229007634,0.858954041204437,"1.3%","8.2%","14.5%","48.4%","20.9%","23-24",0.974358974358974,0.37140902872777,0.974358974358974,0.05,0.336927223719677,0.148514851485149,0.183673469387755,0.616191904047976,0.129032258064516,0.146067415730337,0.288,0.114583333333333,0.127777777777778,0.483,0.0491803278688525,0.0416666666666667,0.846,0.0392156862745098,0.106870229007634,0.19047619047619,0.0384615384615385,0.160714285714286,0.3,0.133828996282528,0.214285714285714,0,0,1,0
"51","Ezi Magbegor","SEA",0.15,0.6875,0.479674796747967,"None","Australia",0.923076923076923,0.610687022900763,0.920760697305864,"7.0%","18.6%","16.0%","57.8%","10.5%","23-24",0.923076923076923,0.774281805745554,0.923076923076923,0.925,0.787061994609164,0.455445544554455,0.464285714285714,0.767616191904048,0.129032258064516,0.157303370786517,0.245,0.447916666666667,0.422222222222222,0.562,0.344262295081967,0.333333333333333,0.874,0.431372549019608,0.610687022900763,0.523809523809524,0.846153846153846,0.25,0.8,0.434944237918216,0.238095238095238,0,1,0,0
"52","Gabby Williams","SEA",0.3,0.375,0.40650406504065,"Connecticut","USA",0.282051282051282,0.305343511450382,0.891706286318014,"2.6%","11.6%","16.3%","55.2%","19.6%","23-24",0.282051282051282,0.238030095759234,0.282051282051282,0.275,0.749326145552561,0.415841584158416,0.443877551020408,0.721139430284857,0.258064516129032,0.292134831460674,0.323,0.34375,0.338888888888889,0.548,0.19672131147541,0.222222222222222,0.737,0.156862745098039,0.305343511450382,0.809523809523809,0.115384615384615,0.25,0.45,0.382899628252788,0.44047619047619,0,1,0,0
"53","Grace Berger","IND",0.15,0.4375,0.308943089430894,"Indiana","USA",0.256410256410256,0.106870229007634,0.83729529846804,"4.7%","10.2%","17.5%","49.7%","12.7%","23-24",0.256410256410256,0.0677154582763338,0.256410256410256,0,0.210242587601078,0.0891089108910891,0.11734693877551,0.599700149925038,0.0645161290322581,0.0561797752808989,0.4,0.0729166666666667,0.1,0.4,0.131147540983607,0.180555555555556,0.643,0.0784313725490196,0.106870229007634,0.238095238095238,0,0.160714285714286,0.275,0.104089219330855,0.0714285714285714,0,0,1,0
"54","Haley Jones","ATL",0.05,0.5,0.528455284552846,"Stanford","USA",1,0.16793893129771,0.844690966719493,"1.4%","10.7%","14.2%","46.5%","19.6%","23-24",1,0.484952120383037,1,0.6,0.439353099730458,0.148514851485149,0.188775510204082,0.5952023988006,0.0645161290322581,0.0786516853932584,0.214,0.135416666666667,0.166666666666667,0.441,0.131147540983607,0.166666666666667,0.702,0.0588235294117647,0.16793893129771,0.19047619047619,0.115384615384615,0.303571428571429,0.5,0.144981412639405,0.25,0,1,0,0
"55","Isabelle Harrison","CHI",0.45,0.625,0.495934959349593,"Tennessee","USA",0.897435897435897,0.297709923664122,0.808769149498151,"6.3%","18.2%","21.7%","45.0%","8.4%","23-24",0.897435897435897,0.399452804377565,0.897435897435897,0.125,0.398921832884097,0.257425742574257,0.336734693877551,0.598200899550225,0.032258064516129,0.0561797752808989,0.167,0.270833333333333,0.338888888888889,0.418,0.180327868852459,0.194444444444444,0.82,0.215686274509804,0.297709923664122,0.285714285714286,0.115384615384615,0.196428571428571,0.325,0.241635687732342,0.0952380952380952,0,1,0,0
"56","Ivana Dojkić","NYL",0.25,0.375,0.260162601626016,"None","Croatia",0.641025641025641,0.0610687022900763,0.896988906497623,"3.8%","5.5%","16.9%","50.7%","12.1%","23-24",0.641025641025641,0.173734610123119,0.641025641025641,0,0.226415094339623,0.099009900990099,0.142857142857143,0.506746626686657,0.193548387096774,0.179775280898876,0.381,0.03125,0.0666666666666667,0.281,0.131147540983607,0.138888888888889,0.778,0.0588235294117647,0.0610687022900763,0.142857142857143,0,0.0892857142857143,0.25,0.122676579925651,0.0952380952380952,0,0,1,0
"57","Jackie Young","LVA",0.25,0.4375,0.349593495934959,"Notre Dame","USA",0.923076923076923,0.33587786259542,0.911780243000528,"2.2%","10.8%","22.0%","55.7%","27.1%","23-24",0.923076923076923,0.822161422708618,0.923076923076923,0.925,0.838274932614555,0.534653465346535,0.642857142857143,0.644677661169415,0.612903225806452,0.629213483146067,0.337,0.364583333333333,0.388888888888889,0.506,0.491803278688525,0.486111111111111,0.867,0.137254901960784,0.33587786259542,0.476190476190476,0.0769230769230769,0.375,0.625,0.587360594795539,0.630952380952381,0,0,1,0
"58","Jacy Sheldon","DAL",0.1,0.3125,0.146341463414634,"Ohio State","USA",1,0.16030534351145,0.814580031695721,"2.8%","6.3%","12.8%","48.9%","15.6%","23-24",1,0.634746922024624,1,0.65,0.587601078167116,0.198019801980198,0.270408163265306,0.578710644677661,0.258064516129032,0.269662921348315,0.309,0.135416666666667,0.155555555555556,0.451,0.0983606557377049,0.0972222222222222,0.926,0.137254901960784,0.16030534351145,0.285714285714286,0.115384615384615,0.285714285714286,0.625,0.200743494423792,0.297619047619048,0,0,1,0
"59","Jade Melbourne","WAS",0,0.3125,0.186991869918699,"None","Australia",0.923076923076923,0.114503816793893,0.879556259904913,"2.5%","7.9%","20.2%","53.0%","19.9%","23-24",0.923076923076923,0.357045143638851,0.923076923076923,0,0.342318059299191,0.188118811881188,0.229591836734694,0.650674662668666,0.161290322580645,0.168539325842697,0.357,0.145833333333333,0.166666666666667,0.473,0.147540983606557,0.180555555555556,0.714,0.0784313725490196,0.114503816793893,0.285714285714286,0.0384615384615385,0.303571428571429,0.375,0.200743494423792,0.19047619047619,0,0,1,0
"60","Jaelyn Brown","DAL",0.2,0.5,0.390243902439024,"California","USA",0.333333333333333,0.114503816793893,0.751716851558373,"4.1%","9.9%","12.3%","57.2%","7.0%","23-24",0.333333333333333,0.094391244870041,0.333333333333333,0.025,0.231805929919137,0.108910891089109,0.112244897959184,0.725637181409295,0.129032258064516,0.101123595505618,0.5,0.0625,0.0777777777777778,0.474,0.0163934426229508,0.0277777777777778,0.333,0.0980392156862745,0.114503816793893,0.142857142857143,0.115384615384615,0.160714285714286,0.275,0.0966542750929368,0.0476190476190476,0,0,1,0
"61","Jessika Carter","LVA",0.15,0.75,0.59349593495935,"Mississippi State","USA",0.0256410256410256,0,0.405176967776017,"0.0%","0.0%","20.0%","0.0%","0.0%","23-24",0.0256410256410256,0.000683994528043776,0.0256410256410256,0,0.0134770889487871,0,0.0255102040816327,0,0,0,NA,0,0.0277777777777778,0,0,0.138888888888889,0,0,0,0,0,0,0,0,0,1,0,0,0
"62","Jewell Loyd","SEA",0.45,0.375,0.430894308943089,"Notre Dame","USA",0.923076923076923,0.343511450381679,0.921817221341786,"2.0%","10.8%","27.8%","49.7%","18.1%","23-24",0.923076923076923,0.850205198358413,0.923076923076923,0.925,0.867924528301887,0.603960396039604,0.857142857142857,0.539730134932534,0.516129032258065,0.651685393258427,0.274,0.46875,0.611111111111111,0.405,0.983606557377049,0.944444444444444,0.881,0.137254901960784,0.343511450381679,0.666666666666667,0.0769230769230769,0.410714285714286,0.45,0.732342007434944,0.428571428571429,0,0,1,0
"63","Jonquel Jones","NYL",0.45,0.8125,0.75609756097561,"George Washington","Bahamas",0.974358974358974,0.687022900763359,0.951399894347596,"6.0%","23.7%","19.4%","64.5%","18.0%","23-24",0.974358974358974,0.794117647058823,0.974358974358974,0.975,0.762803234501348,0.524752475247525,0.5,0.806596701649175,0.483870967741935,0.438202247191011,0.388,0.395833333333333,0.327777777777778,0.636,0.344262295081967,0.375,0.788,0.333333333333333,0.687022900763359,0.380952380952381,0.5,0.428571428571429,0.725,0.527881040892193,0.380952380952381,1,0,0,0
"64","Jordan Horston","SEA",0.05,0.5625,0.349593495934959,"Tennessee","USA",0.974358974358974,0.32824427480916,0.88959323824617,"5.3%","13.6%","15.0%","54.5%","12.5%","23-24",0.974358974358974,0.593707250341997,0.974358974358974,0.35,0.560646900269542,0.277227722772277,0.295918367346939,0.739130434782609,0.0967741935483871,0.146067415730337,0.25,0.260416666666667,0.244444444444444,0.566,0.131147540983607,0.152777777777778,0.721,0.235294117647059,0.32824427480916,0.619047619047619,0.269230769230769,0.303571428571429,0.475,0.252788104089219,0.214285714285714,0,1,0,0
"65","Jordin Canada","ATL",0.35,0.0625,0.105691056910569,"UCLA","USA",0.487179487179487,0.267175572519084,0.885895404120444,"1.8%","9.9%","17.6%","50.4%","31.2%","23-24",0.487179487179487,0.424760601915185,0.487179487179487,0.45,0.800539083557951,0.346534653465347,0.454081632653061,0.584707646176912,0.258064516129032,0.325842696629213,0.281,0.28125,0.333333333333333,0.442,0.475409836065574,0.513888888888889,0.781,0.117647058823529,0.267175572519084,0.761904761904762,0.115384615384615,0.375,0.65,0.394052044609665,0.69047619047619,0,0,1,0
"66","Joyner Holmes","SEA",0.25,0.625,0.715447154471545,"Texas-Austin","USA",0.666666666666667,0.137404580152672,0.828314844162705,"5.5%","14.6%","18.2%","47.7%","18.1%","23-24",0.666666666666667,0.155950752393981,0.666666666666667,0,0.191374663072776,0.118811881188119,0.147959183673469,0.634182908545727,0.0645161290322581,0.123595505617978,0.194,0.104166666666667,0.0944444444444444,0.574,0.0491803278688525,0.0555555555555556,0.636,0.0980392156862745,0.137404580152672,0.0952380952380952,0.0769230769230769,0.142857142857143,0.25,0.107806691449814,0.107142857142857,0,1,0,0
"67","Kaela Davis","CHI",0.35,0.5625,0.471544715447154,"South Carolina","USA",0.0769230769230769,0.0763358778625954,0.712625462229266,"1.9%","5.8%","16.1%","43.6%","4.0%","23-24",0.0769230769230769,0.033515731874145,0.0769230769230769,0,0.309973045822102,0.099009900990099,0.153061224489796,0.499250374812594,0.161290322580645,0.0561797752808989,1,0.0520833333333333,0.138888888888889,0.2,0.0819672131147541,0.138888888888889,0.5,0.0588235294117647,0.0763358778625954,0.142857142857143,0.192307692307692,0.178571428571429,0.325,0.111524163568773,0.0357142857142857,0,1,0,0
"68","Kahleah Copper","PHO",0.4,0.5,0.349593495934959,"Rutgers","USA",0.923076923076923,0.343511450381679,0.853143159006867,"2.1%","11.6%","31.1%","54.4%","13.9%","23-24",0.923076923076923,0.816689466484268,0.923076923076923,0.925,0.83288409703504,0.732673267326733,0.86734693877551,0.652173913043478,0.612903225806452,0.662921348314607,0.314,0.572916666666667,0.611111111111111,0.5,0.737704918032787,0.777777777777778,0.807,0.117647058823529,0.343511450381679,0.380952380952381,0.0384615384615385,0.535714285714286,0.825,0.784386617100372,0.273809523809524,0,0,1,0
"69","Kalani Brown","DAL",0.25,0.875,1,"Baylor","USA",0.974358974358974,0.236641221374046,0.829371368198627,"8.2%","14.9%","18.1%","60.6%","13.6%","23-24",0.974358974358974,0.350889192886457,0.974358974358974,0.05,0.315363881401617,0.237623762376238,0.209183673469388,0.87256371814093,0,0.0112359550561798,0,0.25,0.222222222222222,0.594,0.163934426229508,0.208333333333333,0.661,0.215686274509804,0.236641221374046,0.0952380952380952,0.230769230769231,0.214285714285714,0.4,0.211895910780669,0.130952380952381,1,0,0,0
"70","Kamilla Cardoso","CHI",0.05,0.875,0.75609756097561,"South Carolina","Brazil",0.794871794871795,0.603053435114504,0.849445324881141,"10.3%","18.1%","16.0%","56.1%","10.0%","23-24",0.794871794871795,0.597127222982216,0.794871794871795,0.725,0.69811320754717,0.386138613861386,0.387755102040816,0.781109445277361,0,0,NA,0.40625,0.422222222222222,0.521,0.311475409836066,0.361111111111111,0.726,0.588235294117647,0.603053435114504,0.238095238095238,0.538461538461538,0.267857142857143,0.8,0.364312267657993,0.202380952380952,1,0,0,0
"71","Karlie Samuelson","WAS",0.35,0.4375,0.308943089430894,"Stanford","USA",0.717948717948718,0.198473282442748,0.881141045958795,"2.1%","8.4%","14.5%","57.8%","14.5%","23-24",0.717948717948718,0.484268125854993,0.717948717948718,0.475,0.619946091644205,0.267326732673267,0.341836734693878,0.613193403298351,0.548387096774194,0.471910112359551,0.398,0.104166666666667,0.133333333333333,0.429,0.19672131147541,0.180555555555556,0.923,0.0980392156862745,0.198473282442748,0.428571428571429,0,0.160714285714286,0.425,0.312267657992565,0.25,0,0,1,0
"72","Kate Martin","LVA",0.1,0.4375,0.40650406504065,"Iowa","USA",0.846153846153846,0.122137404580153,0.881669307976756,"1.6%","11.7%","12.4%","46.6%","11.2%","23-24",0.846153846153846,0.266073871409029,0.846153846153846,0.05,0.269541778975741,0.0792079207920792,0.13265306122449,0.460269865067466,0.193548387096774,0.202247191011236,0.355,0.0104166666666667,0.0444444444444444,0.192,0.0491803278688525,0.0555555555555556,0.917,0.0392156862745098,0.122137404580153,0.0952380952380952,0.0769230769230769,0.107142857142857,0.225,0.0966542750929368,0.107142857142857,0,0,1,0
"73","Katie Lou Samuelson","IND",0.25,0.625,0.333333333333333,"Connecticut","USA",0.923076923076923,0.175572519083969,0.849445324881141,"2.5%","9.9%","10.8%","50.6%","11.0%","23-24",0.923076923076923,0.458960328317373,0.923076923076923,0.375,0.450134770889488,0.138613861386139,0.198979591836735,0.523238380809595,0.290322580645161,0.303370786516854,0.33,0.0520833333333333,0.0666666666666667,0.391,0.0983606557377049,0.0972222222222222,0.96,0.0980392156862745,0.175572519083969,0.142857142857143,0.0769230769230769,0.0892857142857143,0.35,0.159851301115242,0.166666666666667,0,1,0,0
"74","Kayla McBride","MIN",0.5,0.375,0.463414634146341,"Notre Dame","USA",0.974358974358974,0.198473282442748,0.944004226096144,"1.2%","6.5%","19.7%","61.1%","16.1%","23-24",0.974358974358974,0.844049247606019,0.974358974358974,0.975,0.814016172506739,0.445544554455446,0.540816326530612,0.629685157421289,0.870967741935484,0.741573033707865,0.407,0.1875,0.222222222222222,0.442,0.557377049180328,0.527777777777778,0.893,0.0784313725490196,0.198473282442748,0.619047619047619,0.0384615384615385,0.357142857142857,0.3,0.557620817843866,0.380952380952381,0,0,1,0
"75","Kayla Thornton","NYL",0.5,0.5,0.552845528455285,"Texas-El Paso","USA",1,0.198473282442748,0.91864764923402,"4.7%","7.9%","12.6%","51.5%","5.2%","23-24",1,0.551299589603283,1,0.275,0.504043126684636,0.188118811881188,0.260204081632653,0.568215892053973,0.354838709677419,0.359550561797753,0.357,0.0833333333333333,0.105555555555556,0.416,0.0983606557377049,0.0972222222222222,0.846,0.196078431372549,0.198473282442748,0.333333333333333,0.0769230769230769,0.107142857142857,0.35,0.204460966542751,0.0833333333333333,0,1,0,0
"76","Kelsey Mitchell","IND",0.35,0.1875,0.308943089430894,"Ohio State","USA",1,0.190839694656489,0.869519281563656,"2.1%","5.4%","23.8%","58.8%","9.6%","23-24",1,0.873461012311902,1,0.95,0.822102425876011,0.702970297029703,0.770408163265306,0.701649175412294,0.870967741935484,0.764044943820225,0.402,0.447916666666667,0.461111111111111,0.523,0.39344262295082,0.388888888888889,0.832,0.137254901960784,0.190839694656489,0.333333333333333,0.0769230769230769,0.285714285714286,0.4,0.713754646840149,0.214285714285714,0,0,1,0
"77","Kelsey Plum","LVA",0.4,0.1875,0.186991869918699,"Washington","USA",0.948717948717949,0.198473282442748,0.920232435287903,"0.8%","6.6%","23.7%","56.3%","20.5%","23-24",0.948717948717949,0.880984952120383,0.948717948717949,0.95,0.876010781671159,0.603960396039604,0.73469387755102,0.634182908545727,0.935483870967742,0.887640449438202,0.368,0.333333333333333,0.366666666666667,0.488,0.442622950819672,0.430555555555556,0.866,0.0588235294117647,0.198473282442748,0.333333333333333,0,0.428571428571429,0.675,0.661710037174721,0.5,0,0,1,0
"78","Kennedy Burke","NYL",0.3,0.5,0.48780487804878,"UCLA","USA",0.948717948717949,0.114503816793893,0.909667194928685,"3.1%","9.3%","15.4%","47.7%","12.2%","23-24",0.948717948717949,0.311901504787962,0.948717948717949,0.075,0.285714285714286,0.138613861386139,0.178571428571429,0.613193403298351,0.129032258064516,0.168539325842697,0.259,0.104166666666667,0.105555555555556,0.527,0.0327868852459016,0.0416666666666667,0.667,0.0784313725490196,0.114503816793893,0.285714285714286,0.115384615384615,0.125,0.25,0.12639405204461,0.107142857142857,0,0,1,0
"79","Kia Nurse","LAS",0.35,0.4375,0.479674796747967,"Connecticut","Canada",1,0.122137404580153,0.828314844162705,"2.1%","5.9%","17.8%","52.5%","11.6%","23-24",1,0.551983584131327,1,0.675,0.506738544474393,0.257425742574257,0.336734693877551,0.581709145427286,0.419354838709677,0.449438202247191,0.331,0.125,0.144444444444444,0.476,0.19672131147541,0.208333333333333,0.793,0.0784313725490196,0.122137404580153,0.238095238095238,0,0.214285714285714,0.45,0.282527881040892,0.154761904761905,0,0,1,0
"80","Kiah Stokes","LVA",0.45,0.625,0.560975609756098,"Connecticut","USA",0.974358974358974,0.358778625954199,0.901743264659271,"3.3%","21.7%","5.1%","41.7%","5.5%","23-24",0.974358974358974,0.487688098495212,0.974358974358974,0.725,0.455525606469003,0.0495049504950495,0.0816326530612245,0.484257871064468,0.0645161290322581,0.112359550561798,0.225,0.03125,0.0333333333333333,0.5,0.0327868852459016,0.0277777777777778,0.667,0.117647058823529,0.358778625954199,0.238095238095238,0.307692307692308,0.0714285714285714,0.425,0.0520446096654275,0.0833333333333333,1,0,0,0
"81","Kiana Williams","SEA",0.15,0.125,0.146341463414634,"Stanford","USA",0.307692307692308,0.0152671755725191,0.893819334389857,"0.0%","3.4%","15.5%","34.4%","17.9%","23-24",0.307692307692308,0.0287277701778386,0.307692307692308,0,0.0539083557951482,0.0297029702970297,0.0612244897959184,0.374812593703148,0.0645161290322581,0.0786516853932584,0.333,0.0104166666666667,0.0277777777777778,0.143,0,0,NA,0,0.0152671755725191,0,0,0.0357142857142857,0.05,0.0297397769516729,0.0476190476190476,0,0,1,0
"82","Kierstan Bell","LVA",0.1,0.5,0.439024390243902,"Florida Gulf Coast","USA",0.128205128205128,0.0763358778625954,0.904384574749076,"2.4%","9.8%","17.8%","50.4%","17.9%","23-24",0.128205128205128,0.027359781121751,0.128205128205128,0,0.153638814016172,0.099009900990099,0.137755102040816,0.562218890554723,0.225806451612903,0.146067415730337,0.5,0.03125,0.0722222222222222,0.25,0.0327868852459016,0.0416666666666667,0.5,0.0392156862745098,0.0763358778625954,0,0,0.0357142857142857,0.2,0.104089219330855,0.0952380952380952,0,1,0,0
"83","Kristy Wallace","IND",0.35,0.375,0.284552845528455,"Baylor","Australia",0.641025641025641,0.137404580152672,0.835710512414157,"2.5%","8.4%","13.6%","49.2%","15.1%","23-24",0.641025641025641,0.303693570451436,0.641025641025641,0.375,0.423180592991914,0.178217821782178,0.229591836734694,0.602698650674663,0.225806451612903,0.247191011235955,0.293,0.125,0.127777777777778,0.508,0.0819672131147541,0.0972222222222222,0.667,0.0784313725490196,0.137404580152672,0.333333333333333,0.0769230769230769,0.125,0.275,0.174721189591078,0.202380952380952,0,0,1,0
"84","Kysre Gondrezick","CHI",0.25,0.25,0.227642276422764,"West Virginia","USA",0.102564102564103,0.0305343511450382,0.874273639725304,"5.9%","5.0%","23.8%","35.7%","22.2%","23-24",0.102564102564103,0.00889192886456908,0.102564102564103,0,0.045822102425876,0.0396039603960396,0.0714285714285714,0.428785607196402,0.0645161290322581,0.134831460674157,0.167,0.0208333333333333,0.0111111111111111,1,0,0,NA,0.0392156862745098,0.0305343511450382,0.380952380952381,0,0.107142857142857,0.1,0.0371747211895911,0.0476190476190476,0,0,1,0
"85","Laeticia Amihere","ATL",0.05,0.625,0.51219512195122,"South Carolina","Canada",0.41025641025641,0.122137404580153,0.819334389857369,"11.5%","18.5%","19.8%","28.4%","9.4%","23-24",0.384615384615385,0.054719562243502,0.384615384615385,0,0.0997304582210243,0.0396039603960396,0.0816326530612245,0.403298350824588,0,0,NA,0.0416666666666667,0.0888888888888889,0.269,0.0491803278688525,0.152777777777778,0.294,0.156862745098039,0.129770992366412,0.0476190476190476,0.0769230769230769,0.0892857142857143,0.1,0.0408921933085502,0.0238095238095238,0,1,0,0
"86","Layshia Clarendon","LAS",0.55,0.25,0.292682926829268,"California","USA",0.512820512820513,0.137404580152672,0.848388800845219,"1.7%","10.2%","13.8%","53.5%","26.1%","23-24",0.512820512820513,0.227086183310534,0.512820512820513,0.3,0.390835579514825,0.148514851485149,0.183673469387755,0.640179910044977,0.0967741935483871,0.112359550561798,0.35,0.125,0.144444444444444,0.455,0.163934426229508,0.152777777777778,0.87,0.0588235294117647,0.137404580152672,0.333333333333333,0,0.214285714285714,0.525,0.159851301115242,0.30952380952381,0,0,1,0
"87","Lexie Brown","LAS",0.4,0.25,0.32520325203252,"Duke","USA",0.384615384615385,0.175572519083969,0.856312731114633,"0.3%","9.6%","19.6%","45.1%","24.5%","23-24",0.384615384615385,0.25718194254446,0.384615384615385,0.2,0.598382749326146,0.257425742574257,0.418367346938775,0.481259370314843,0.419354838709677,0.48314606741573,0.304,0.135416666666667,0.216666666666667,0.339,0.245901639344262,0.236111111111111,0.889,0.0196078431372549,0.175572519083969,0.523809523809524,0.0384615384615385,0.339285714285714,0.35,0.301115241635688,0.392857142857143,0,0,1,0
"88","Lexie Hull","IND",0.15,0.5,0.268292682926829,"Stanford","USA",0.846153846153846,0.190839694656489,0.896988906497623,"5.3%","7.3%","12.0%","60.4%","7.7%","23-24",0.846153846153846,0.456908344733242,0.846153846153846,0.275,0.490566037735849,0.178217821782178,0.204081632653061,0.661169415292354,0.32258064516129,0.235955056179775,0.471,0.0833333333333333,0.105555555555556,0.409,0.163934426229508,0.166666666666667,0.805,0.196078431372549,0.190839694656489,0.285714285714286,0.115384615384615,0.160714285714286,0.625,0.204460966542751,0.130952380952381,0,0,1,0
"89","Lindsay Allen","CHI",0.35,0.1875,0.186991869918699,"Notre Dame","USA",1,0.152671755725191,0.875858425779186,"1.3%","6.9%","13.6%","53.7%","24.7%","23-24",1,0.647742818057456,1,0.7,0.601078167115903,0.257425742574257,0.285714285714286,0.698650674662669,0.129032258064516,0.134831460674157,0.292,0.239583333333333,0.244444444444444,0.514,0.180327868852459,0.180555555555556,0.808,0.0588235294117647,0.152671755725191,0.380952380952381,0.0769230769230769,0.285714285714286,0.425,0.245353159851301,0.464285714285714,0,0,1,0
"90","Liz Dixon","PHO",0.1,0.75,0.59349593495935,"Louisville","USA",0.435897435897436,0.175572519083969,0.784469096671949,"7.9%","17.1%","10.8%","44.9%","10.8%","23-24",0.41025641025641,0.107387140902873,0.41025641025641,0,0.212938005390836,0.0594059405940594,0.086734693877551,0.568215892053973,0,0,NA,0.0625,0.0944444444444444,0.379,0.0819672131147541,0.0833333333333333,0.8,0.156862745098039,0.183206106870229,0.0476190476190476,0.192307692307692,0.0892857142857143,0.2,0.0631970260223048,0.0595238095238095,0,1,0,0
"91","Lorela Cubaj","ATL",0.2,0.6875,0.634146341463415,"Georgia Tech","Italy",0.692307692307692,0.114503816793893,0.827786582144744,"7.7%","10.6%","9.3%","44.4%","12.4%","23-24",0.692307692307692,0.149110807113543,0.692307692307692,0.025,0.172506738544474,0.0495049504950495,0.0663265306122449,0.643178410794603,0,0,NA,0.0520833333333333,0.0722222222222222,0.429,0.0163934426229508,0.0277777777777778,0.6,0.137254901960784,0.114503816793893,0.142857142857143,0.0384615384615385,0.0714285714285714,0.3,0.0446096654275093,0.0595238095238095,0,1,0,0
"92","Lou Lopez Sénéchal","DAL",0.2,0.5,0.268292682926829,"Connecticut","France",0.666666666666667,0.0305343511450382,0.696777601690438,"2.3%","6.8%","13.4%","35.0%","13.3%","23-24",0.666666666666667,0.0834473324213406,0.666666666666667,0,0.0835579514824798,0.0396039603960396,0.0663265306122449,0.440779610194903,0.032258064516129,0.0674157303370786,0.2,0.03125,0.0388888888888889,0.368,0.0163934426229508,0.0138888888888889,0.5,0.0196078431372549,0.0305343511450382,0.0476190476190476,0,0.0357142857142857,0.125,0.033457249070632,0.0476190476190476,0,0,1,0
"93","Maddy Siegrist","DAL",0.1,0.5625,0.430894308943089,"Villanova","USA",0.666666666666667,0.251908396946565,0.834125726360275,"6.6%","7.4%","15.8%","55.7%","6.9%","23-24",0.666666666666667,0.43844049247606,0.666666666666667,0.325,0.60377358490566,0.386138613861386,0.397959183673469,0.75712143928036,0.129032258064516,0.157303370786517,0.27,0.375,0.355555555555556,0.555,0.19672131147541,0.222222222222222,0.767,0.313725490196078,0.251908396946565,0.19047619047619,0.153846153846154,0.107142857142857,0.3,0.349442379182156,0.119047619047619,0,1,0,0
"94","Marina Mabrey","CON",0.3,0.375,0.390243902439024,"Notre Dame","USA",1,0.33587786259542,0.90121500264131,"1.7%","12.4%","21.9%","52.4%","22.1%","23-24",0.384615384615385,0.298221614227086,0.384615384615385,0.075,0.69811320754717,0.564356435643564,0.622448979591837,0.700149925037481,0.838709677419355,0.696629213483146,0.424,0.322916666666667,0.333333333333333,0.51,0.147540983606557,0.194444444444444,0.682,0.0588235294117647,0.267175572519084,0.476190476190476,0.230769230769231,0.303571428571429,0.625,0.535315985130112,0.488095238095238,0,0,1,0
"95","Maya Caldwell","ATL",0.2,0.375,0.308943089430894,"Georgia","USA",0.615384615384615,0.137404580152672,0.816693079767565,"5.0%","6.4%","16.4%","49.8%","11.8%","23-24",0.615384615384615,0.274965800273598,0.615384615384615,0.15,0.39622641509434,0.207920792079208,0.255102040816327,0.623688155922039,0.193548387096774,0.224719101123595,0.3,0.15625,0.166666666666667,0.493,0.0819672131147541,0.0833333333333333,0.8,0.156862745098039,0.137404580152672,0.285714285714286,0.0769230769230769,0.160714285714286,0.3,0.193308550185874,0.130952380952381,0,0,1,0
"96","Megan Gustafson","LVA",0.3,0.6875,0.59349593495935,"Iowa","USA",0.948717948717949,0.145038167938931,0.91864764923402,"6.1%","12.4%","13.6%","62.1%","3.2%","23-24",0.948717948717949,0.274965800273598,0.948717948717949,0.175,0.247978436657682,0.138613861386139,0.142857142857143,0.749625187406297,0.193548387096774,0.168539325842697,0.386,0.0833333333333333,0.0722222222222222,0.633,0.0491803278688525,0.0555555555555556,0.765,0.117647058823529,0.145038167938931,0.142857142857143,0.0384615384615385,0.0714285714285714,0.4,0.137546468401487,0.0238095238095238,1,0,0,0
"97","Mercedes Russell","SEA",0.35,0.8125,0.59349593495935,"Tennessee","USA",0.923076923076923,0.229007633587786,0.898573692551506,"4.4%","13.8%","11.7%","53.9%","8.5%","23-24",0.923076923076923,0.39671682626539,0.923076923076923,0.15,0.38544474393531,0.168316831683168,0.163265306122449,0.775112443778111,0,0,NA,0.177083333333333,0.177777777777778,0.517,0.0983606557377049,0.125,0.636,0.137254901960784,0.229007633587786,0.285714285714286,0.0769230769230769,0.125,0.3,0.144981412639405,0.0952380952380952,1,0,0,0
"98","Michaela Onyenwere","CHI",0.15,0.4375,0.455284552845528,"UCLA","USA",0.846153846153846,0.137404580152672,0.834653988378236,"3.0%","6.7%","18.7%","49.1%","8.8%","23-24",0.846153846153846,0.43296853625171,0.846153846153846,0.45,0.463611859838275,0.257425742574257,0.316326530612245,0.622188905547226,0.225806451612903,0.224719101123595,0.368,0.197916666666667,0.233333333333333,0.438,0.114754098360656,0.166666666666667,0.61,0.117647058823529,0.137404580152672,0.285714285714286,0.153846153846154,0.232142857142857,0.5,0.245353159851301,0.119047619047619,0,1,0,0
"99","Mikiah Herbert Harrigan","PHO",0.2,0.5625,0.24390243902439,"South Carolina","Anguilla",0.769230769230769,0.114503816793893,0.807184363444268,"4.4%","8.3%","14.0%","51.7%","5.1%","23-24",0.769230769230769,0.227770177838577,0.769230769230769,0.075,0.250673854447439,0.108910891089109,0.142857142857143,0.610194902548726,0.161290322580645,0.191011235955056,0.321,0.0625,0.0611111111111111,0.545,0.0655737704918033,0.0833333333333333,0.55,0.0980392156862745,0.114503816793893,0.238095238095238,0.153846153846154,0.0892857142857143,0.225,0.118959107806691,0.0357142857142857,0,1,0,0
"100","Monique Billings","PHO",0.3,0.6875,0.56910569105691,"UCLA","USA",0.923076923076923,0.442748091603053,0.827258320126783,"7.5%","17.4%","16.2%","52.4%","10.5%","23-24",0.307692307692308,0.158002735978112,0.307692307692308,0.05,0.444743935309973,0.178217821782178,0.209183673469388,0.650674662668666,0.0645161290322581,0.0561797752808989,0.286,0.166666666666667,0.194444444444444,0.457,0.19672131147541,0.208333333333333,0.8,0.294117647058824,0.320610687022901,0.428571428571429,0.192307692307692,0.196428571428571,0.475,0.275092936802974,0.166666666666667,0,1,0,0
"101","Morgan Bertsch","DAL",0.25,0.6875,0.414634146341463,"Cal-Davis","USA",0.256410256410256,0.114503816793893,0.764395139989435,"7.3%","8.0%","19.9%","32.0%","4.1%","23-24",0.0512820512820513,0.0129958960328317,0.0512820512820513,0,0.15633423180593,0,0.0510204081632653,0,0,0.0337078651685393,0,0,0.0388888888888889,0,0.0491803278688525,0.0972222222222222,0.5,0.0588235294117647,0.129770992366412,0.142857142857143,0,0.232142857142857,0.325,0.0743494423791822,0.0238095238095238,0,1,0,0
"102","Moriah Jefferson","CHI",0.4,0.0625,0.0650406504065041,"Connecticut","USA",0.564102564102564,0.0305343511450382,0.781299524564184,"1.5%","3.8%","12.9%","33.4%","28.6%","23-24",0.333333333333333,0.0827633378932969,0.333333333333333,0,0.199460916442049,0.0198019801980198,0.0969387755102041,0.172413793103448,0.032258064516129,0.0786516853932584,0.1,0.0104166666666667,0.0611111111111111,0.125,0.0655737704918033,0.0555555555555556,0.833,0.0392156862745098,0.0381679389312977,0.0476190476190476,0,0.0714285714285714,0.15,0.0483271375464684,0.154761904761905,0,0,1,0
"103","Myisha Hines-Allen","MIN",0.35,0.5,0.634146341463415,"Louisville","USA",1,0.358778625954199,0.836767036450079,"5.6%","20.6%","19.0%","57.3%","24.5%","23-24",0.307692307692308,0.155266757865937,0.307692307692308,0.025,0.436657681940701,0.257425742574257,0.26530612244898,0.749625187406297,0.0967741935483871,0.0898876404494382,0.364,0.239583333333333,0.244444444444444,0.526,0.327868852459016,0.333333333333333,0.839,0.235294117647059,0.320610687022901,0.380952380952381,0.0769230769230769,0.232142857142857,0.575,0.28996282527881,0.30952380952381,0,1,0,0
"104","NaLyssa Smith","IND",0.1,0.6875,0.51219512195122,"Baylor","USA",1,0.541984732824427,0.833069202324353,"7.2%","20.6%","19.6%","52.0%","6.7%","23-24",1,0.675102599179207,1,0.925,0.628032345013477,0.415841584158416,0.448979591836735,0.719640179910045,0.129032258064516,0.134831460674157,0.292,0.40625,0.422222222222222,0.51,0.295081967213115,0.444444444444444,0.567,0.352941176470588,0.541984732824427,0.380952380952381,0.384615384615385,0.232142857142857,0.675,0.394052044609665,0.119047619047619,0,1,0,0
"105","Napheesa Collier","MIN",0.3,0.5,0.414634146341463,"Connecticut","USA",0.846153846153846,0.740458015267176,0.950343370311675,"6.8%","19.8%","25.8%","56.5%","17.6%","23-24",0.846153846153846,0.805745554035568,0.846153846153846,0.85,0.894878706199461,0.782178217821782,0.816326530612245,0.737631184407796,0.290322580645161,0.325842696629213,0.31,0.729166666666667,0.727777777777778,0.533,0.60655737704918,0.638888888888889,0.804,0.431372549019608,0.740458015267176,0.904761904761905,0.538461538461538,0.375,0.65,0.758364312267658,0.404761904761905,0,1,0,0
"106","Natasha Cloud","PHO",0.55,0.3125,0.308943089430894,"St. Joseph's (PA)","USA",0.948717948717949,0.312977099236641,0.86053882725832,"1.4%","10.2%","19.1%","50.8%","34.3%","23-24",0.948717948717949,0.863201094391245,0.948717948717949,0.95,0.857142857142857,0.396039603960396,0.51530612244898,0.5952023988006,0.387096774193548,0.426966292134831,0.308,0.291666666666667,0.35,0.45,0.39344262295082,0.402777777777778,0.826,0.0980392156862745,0.312977099236641,0.666666666666667,0.230769230769231,0.535714285714286,0.675,0.427509293680297,0.821428571428571,0,0,1,0
"107","Natasha Howard","DAL",0.55,0.5625,0.349593495934959,"Florida State","USA",0.666666666666667,0.511450381679389,0.833069202324353,"6.3%","16.7%","27.1%","51.0%","16.0%","23-24",0.666666666666667,0.562243502051984,0.666666666666667,0.65,0.784366576819407,0.683168316831683,0.775510204081633,0.683658170914543,0.129032258064516,0.224719101123595,0.2,0.677083333333333,0.727777777777778,0.496,0.540983606557377,0.638888888888889,0.718,0.392156862745098,0.511450381679389,0.619047619047619,0.307692307692308,0.5,0.775,0.654275092936803,0.345238095238095,0,1,0,0
"108","Natasha Mack","PHO",0.25,0.625,0.48780487804878,"Oklahoma State","USA",1,0.381679389312977,0.857897517168516,"9.6%","21.0%","11.2%","57.8%","12.1%","23-24",1,0.421340629274966,1,0.275,0.377358490566038,0.178217821782178,0.158163265306122,0.859070464767616,0,0.0112359550561798,0,0.1875,0.166666666666667,0.587,0.0491803278688525,0.0694444444444444,0.579,0.294117647058824,0.381679389312977,0.333333333333333,0.461538461538462,0.125,0.35,0.141263940520446,0.130952380952381,0,1,0,0
"109","Natisha Hiedeman","MIN",0.3,0.1875,0.048780487804878,"Marquette","USA",1,0.122137404580153,0.876914949815108,"2.6%","7.6%","18.2%","46.9%","26.3%","23-24",1,0.41313269493844,1,0,0.369272237196765,0.178217821782178,0.244897959183673,0.569715142428786,0.193548387096774,0.235955056179775,0.28,0.135416666666667,0.155555555555556,0.455,0.0983606557377049,0.125,0.735,0.0784313725490196,0.122137404580153,0.380952380952381,0.0769230769230769,0.196428571428571,0.3,0.182156133828996,0.285714285714286,0,0,1,0
"110","Naz Hillmon","ATL",0.1,0.5625,0.552845528455285,"Michigan","USA",1,0.366412213740458,0.884310618066561,"6.9%","15.7%","11.3%","60.0%","10.0%","23-24",1,0.591655266757866,1,0.475,0.544474393530997,0.227722772277228,0.209183673469388,0.827586206896552,0,0.0112359550561798,0.333,0.229166666666667,0.222222222222222,0.556,0.19672131147541,0.222222222222222,0.762,0.313725490196078,0.366412213740458,0.333333333333333,0.115384615384615,0.178571428571429,0.35,0.211895910780669,0.154761904761905,0,1,0,0
"111","Nia Coffey","ATL",0.35,0.5,0.48780487804878,"Northwestern","USA",1,0.183206106870229,0.819334389857369,"3.4%","13.1%","15.9%","41.3%","15.4%","23-24",1,0.363201094391245,1,0.275,0.320754716981132,0.118811881188119,0.188775510204082,0.48575712143928,0.161290322580645,0.191011235955056,0.273,0.0833333333333333,0.116666666666667,0.366,0.0655737704918033,0.0694444444444444,0.762,0.0980392156862745,0.183206106870229,0.142857142857143,0.269230769230769,0.178571428571429,0.3,0.122676579925651,0.142857142857143,0,1,0,0
"112","Nika Mühl","SEA",0.05,0.4375,0.276422764227642,"Connecticut","Croatia",0.384615384615385,0.0458015267175573,0.765451664025356,"7.6%","6.3%","12.2%","7.1%","18.9%","23-24",0.384615384615385,0.0369357045143639,0.384615384615385,0,0.0566037735849057,0.0099009900990099,0.0459183673469388,0.106446776611694,0,0.0786516853932584,0,0.0104166666666667,0.0111111111111111,0.333,0,0,NA,0.0784313725490196,0.0458015267175573,0.0476190476190476,0,0.0535714285714286,0.15,0.00371747211895911,0.0476190476190476,0,0,1,0
"113","Nneka Ogwumike","SEA",0.6,0.5625,0.552845528455285,"Stanford","USA",0.923076923076923,0.580152671755725,0.928684627575277,"5.8%","17.9%","21.4%","57.8%","12.4%","23-24",0.923076923076923,0.803009575923393,0.923076923076923,0.925,0.816711590296496,0.673267326732673,0.678571428571429,0.766116941529235,0.258064516129032,0.224719101123595,0.405,0.625,0.627777777777778,0.53,0.377049180327869,0.361111111111111,0.876,0.372549019607843,0.580152671755725,0.904761904761905,0.192307692307692,0.232142857142857,0.575,0.620817843866171,0.273809523809524,0,1,0,0
"114","Nyara Sabally","NYL",0.15,0.75,0.666666666666667,"Oregon","Germany",0.641025641025641,0.305343511450382,0.942419440042261,"9.3%","20.4%","13.8%","61.2%","7.0%","23-24",0.641025641025641,0.238714090287278,0.641025641025641,0,0.323450134770889,0.188118811881188,0.168367346938775,0.862068965517241,0,0.0112359550561798,0,0.197916666666667,0.183333333333333,0.588,0.180327868852459,0.208333333333333,0.7,0.254901960784314,0.305343511450382,0.428571428571429,0.269230769230769,0.0892857142857143,0.4,0.182156133828996,0.0714285714285714,1,0,0,0
"115","Odyssey Sims","LAS",0.5,0.1875,0.268292682926829,"Baylor","USA",0.58974358974359,0.16030534351145,0.842577918647649,"2.5%","5.3%","19.5%","56.0%","29.5%","23-24",0.358974358974359,0.26812585499316,0.358974358974359,0.25,0.668463611859838,0.366336633663366,0.433673469387755,0.656671664167916,0.0967741935483871,0.191011235955056,0.154,0.364583333333333,0.377777777777778,0.51,0.344262295081967,0.347222222222222,0.838,0.0784313725490196,0.129770992366412,0.428571428571429,0.0384615384615385,0.428571428571429,0.35,0.468401486988848,0.630952380952381,0,0,1,0
"116","Olivia Nelson-Ododa","CON",0.1,0.75,0.439024390243902,"Connecticut","USA",0.923076923076923,0.190839694656489,0.900158478605388,"7.4%","14.8%","14.6%","53.4%","3.3%","23-24",0.923076923076923,0.296853625170999,0.923076923076923,0,0.277628032345013,0.128712871287129,0.137755102040816,0.742128935532234,0,0,NA,0.135416666666667,0.15,0.495,0.114754098360656,0.152777777777778,0.659,0.156862745098039,0.190839694656489,0.19047619047619,0.230769230769231,0.142857142857143,0.425,0.12639405204461,0.0238095238095238,1,0,0,0
"117","Olivia Époupa","MIN",0.4,0,0,"None","France",0.41025641025641,0.083969465648855,0.920232435287903,"5.4%","13.1%","11.9%","41.5%","33.8%","23-24",0.41025641025641,0.0759233926128591,0.41025641025641,0,0.140161725067385,0.0396039603960396,0.0459183673469388,0.562218890554723,0,0,NA,0.0416666666666667,0.05,0.375,0.0163934426229508,0.0138888888888889,1,0.0784313725490196,0.083969465648855,0.380952380952381,0,0.160714285714286,0.2,0.0297397769516729,0.178571428571429,0,0,1,0
"118","Queen Egbo","LVA",0.1,0.6875,0.552845528455285,"Baylor","USA",0.17948717948718,0.0992366412213741,0.880612783940835,"8.1%","18.9%","17.8%","46.6%","0.0%","23-24",0.0512820512820513,0.0102599179206566,0.0512820512820513,0,0.121293800539084,0.128712871287129,0.102040816326531,1,0,0,NA,0.135416666666667,0.111111111111111,0.667,0,0,NA,0.0588235294117647,0.129770992366412,0.333333333333333,0.115384615384615,0,0.175,0.0557620817843866,0,0,1,0,0
"119","Rachel Banham","CHI",0.45,0.3125,0.479674796747967,"Minnesota","USA",0.923076923076923,0.106870229007634,0.849445324881141,"1.1%","8.1%","16.7%","49.8%","11.7%","23-24",0.384615384615385,0.214090287277702,0.384615384615385,0.225,0.493261455525606,0.227722772277228,0.341836734693878,0.518740629685157,0.580645161290323,0.539325842696629,0.382,0.0520833333333333,0.105555555555556,0.258,0.0655737704918033,0.0833333333333333,0.7,0.0588235294117647,0.137404580152672,0.19047619047619,0.0384615384615385,0.107142857142857,0.425,0.211895910780669,0.130952380952381,0,0,1,0
"120","Rae Burrell","LAS",0.1,0.5625,0.373983739837398,"Tennessee","USA",0.923076923076923,0.137404580152672,0.84891706286318,"3.6%","8.6%","18.0%","53.1%","12.0%","23-24",0.923076923076923,0.393980848153215,0.923076923076923,0.175,0.380053908355795,0.158415841584158,0.224489795918367,0.542728635682159,0.193548387096774,0.213483146067416,0.333,0.09375,0.138888888888889,0.385,0.344262295081967,0.375,0.78,0.117647058823529,0.137404580152672,0.380952380952381,0.115384615384615,0.178571428571429,0.4,0.219330855018587,0.130952380952381,0,0,1,0
"121","Rebecca Allen","PHO",0.5,0.5625,0.32520325203252,"None","Australia",0.435897435897436,0.297709923664122,0.875330163761226,"3.1%","12.6%","14.2%","52.2%","6.5%","23-24",0.435897435897436,0.303693570451436,0.435897435897436,0.45,0.628032345013477,0.287128712871287,0.357142857142857,0.631184407796102,0.451612903225806,0.438202247191011,0.357,0.166666666666667,0.172222222222222,0.5,0.0163934426229508,0.0277777777777778,0.667,0.137254901960784,0.297709923664122,0.428571428571429,0.269230769230769,0.178571428571429,0.475,0.275092936802974,0.130952380952381,0,1,0,0
"122","Rhyne Howard","ATL",0.1,0.5625,0.430894308943089,"Kentucky","USA",0.743589743589744,0.33587786259542,0.888536714210248,"2.3%","10.6%","24.2%","51.0%","17.4%","23-24",0.743589743589744,0.694254445964432,0.743589743589744,0.725,0.873315363881402,0.554455445544554,0.76530612244898,0.556221889055472,0.870967741935484,0.910112359550562,0.329,0.302083333333333,0.383333333333333,0.42,0.573770491803279,0.625,0.784,0.156862745098039,0.33587786259542,0.857142857142857,0.230769230769231,0.303571428571429,0.525,0.643122676579926,0.369047619047619,0,0,1,0
"123","Rickea Jackson","LAS",0.05,0.5625,0.430894308943089,"Tennessee","USA",1,0.297709923664122,0.826201796090861,"4.3%","9.4%","21.1%","54.7%","9.8%","23-24",1,0.785909712722298,1,0.875,0.735849056603774,0.495049504950495,0.561224489795918,0.683658170914543,0.354838709677419,0.348314606741573,0.347,0.40625,0.438888888888889,0.498,0.377049180327869,0.402777777777778,0.807,0.254901960784314,0.297709923664122,0.333333333333333,0.153846153846154,0.339285714285714,0.45,0.49814126394052,0.178571428571429,0,1,0,0
"124","Sabrina Ionescu","NYL",0.25,0.375,0.349593495934959,"Oregon","USA",0.948717948717949,0.33587786259542,0.942947702060222,"2.3%","11.3%","26.8%","52.5%","32.7%","23-24",0.948717948717949,0.833105335157319,0.948717948717949,0.95,0.824797843665768,0.623762376237624,0.811224489795918,0.590704647676162,0.903225806451613,0.943820224719101,0.333,0.364583333333333,0.416666666666667,0.463,0.459016393442623,0.430555555555556,0.898,0.137254901960784,0.33587786259542,0.476190476190476,0.115384615384615,0.482142857142857,0.3,0.676579925650558,0.738095238095238,0,0,1,0
"125","Sami Whitcomb","SEA",0.7,0.3125,0.219512195121951,"Washington","Australia",1,0.145038167938931,0.896988906497623,"2.3%","9.8%","17.3%","47.0%","16.5%","23-24",1,0.415868673050616,1,0.075,0.371967654986523,0.178217821782178,0.26530612244898,0.518740629685157,0.387096774193548,0.449438202247191,0.292,0.0625,0.0666666666666667,0.532,0.0327868852459016,0.0416666666666667,0.818,0.0784313725490196,0.145038167938931,0.380952380952381,0.0769230769230769,0.178571428571429,0.35,0.185873605947955,0.19047619047619,0,0,1,0
"126","Satou Sabally","DAL",0.2,0.6875,0.430894308943089,"Oregon","USA",0.358974358974359,0.488549618320611,0.856840993132594,"3.3%","15.6%","21.8%","56.3%","22.1%","23-24",0.358974358974359,0.348153214774282,0.358974358974359,0.375,0.878706199460916,0.584158415841584,0.709183673469388,0.638680659670165,0.806451612903226,0.629213483146067,0.452,0.354166666666667,0.461111111111111,0.408,0.573770491803279,0.625,0.779,0.235294117647059,0.488549618320611,0.619047619047619,0.192307692307692,0.446428571428571,0.8,0.66542750929368,0.595238095238095,0,1,0,0
"127","Sevgi Uzun","DAL",0.25,0.3125,0.154471544715447,"None","Turkey",1,0.122137404580153,0.846275752773376,"1.1%","6.8%","14.1%","41.8%","20.8%","23-24",1,0.558823529411765,1,0.475,0.512129380053908,0.168316831683168,0.255102040816327,0.512743628185907,0.161290322580645,0.235955056179775,0.238,0.125,0.161111111111111,0.417,0.0819672131147541,0.0833333333333333,0.826,0.0392156862745098,0.122137404580153,0.428571428571429,0.115384615384615,0.321428571428571,0.375,0.163568773234201,0.357142857142857,0,0,1,0
"128","Shakira Austin","WAS",0.1,0.75,0.552845528455285,"Mississippi","USA",0.282051282051282,0.519083969465649,0.8837823560486,"8.8%","24.9%","30.4%","48.7%","9.1%","23-24",0.282051282051282,0.160738714090287,0.282051282051282,0.275,0.493261455525606,0.425742574257426,0.51530612244898,0.644677661169415,0.032258064516129,0.0337078651685393,0.25,0.447916666666667,0.544444444444445,0.436,0.491803278688525,0.625,0.667,0.352941176470588,0.519083969465649,0.619047619047619,0.346153846153846,0.428571428571429,0.625,0.438661710037175,0.107142857142857,1,0,0,0
"129","Shatori Walker-Kimbrough","WAS",0.35,0.25,0.146341463414634,"Maryland","USA",1,0.129770992366412,0.861595351294242,"1.5%","6.4%","16.3%","52.9%","14.1%","23-24",1,0.601915184678523,1,0.05,0.555256064690027,0.257425742574257,0.321428571428571,0.622188905547226,0.290322580645161,0.303370786516854,0.33,0.1875,0.205555555555556,0.476,0.229508196721311,0.236111111111111,0.806,0.0588235294117647,0.129770992366412,0.523809523809524,0.192307692307692,0.25,0.25,0.278810408921933,0.226190476190476,0,0,1,0
"130","Sika Koné","WAS",0,0.625,0.471544715447154,"None","Mali",0.666666666666667,0.152671755725191,0.914949815108294,"7.2%","18.6%","22.9%","53.6%","10.3%","23-24",0.230769230769231,0.107387140902873,0.230769230769231,0,0.390835579514825,0.287128712871287,0.341836734693878,0.649175412293853,0.129032258064516,0.0786516853932584,0.571,0.260416666666667,0.333333333333333,0.417,0.39344262295082,0.375,0.889,0.137254901960784,0.32824427480916,0.19047619047619,0.0769230769230769,0.160714285714286,0.5,0.148698884758364,0.0476190476190476,0,1,0,0
"131","Skylar Diggins-Smith","SEA",0.6,0.25,0.146341463414634,"Notre Dame","USA",1,0.198473282442748,0.923930269413629,"2.2%","6.0%","23.3%","52.5%","33.2%","23-24",1,0.861149110807114,1,1,0.811320754716981,0.544554455445545,0.653061224489796,0.640179910044977,0.32258064516129,0.382022471910112,0.291,0.46875,0.522222222222222,0.476,0.540983606557377,0.527777777777778,0.867,0.137254901960784,0.198473282442748,0.809523809523809,0.346153846153846,0.5,0.7,0.561338289962825,0.761904761904762,0,0,1,0
"132","Sophie Cunningham","PHO",0.3,0.5,0.390243902439024,"Missouri","USA",1,0.297709923664122,0.873217115689382,"1.5%","12.0%","12.3%","61.8%","11.4%","23-24",1,0.756497948016416,1,0.525,0.706199460916442,0.257425742574257,0.306122448979592,0.643178410794603,0.548387096774194,0.50561797752809,0.378,0.09375,0.0833333333333333,0.583,0.245901639344262,0.236111111111111,0.87,0.0784313725490196,0.297709923664122,0.476190476190476,0.115384615384615,0.178571428571429,0.575,0.312267657992565,0.238095238095238,0,0,1,0
"133","Stefanie Dolson","WAS",0.55,0.75,0.91869918699187,"Connecticut","USA",0.974358974358974,0.374045801526718,0.857897517168516,"3.4%","16.1%","15.8%","62.1%","17.1%","23-24",0.974358974358974,0.690834473324213,0.974358974358974,0.975,0.660377358490566,0.336633663366337,0.36734693877551,0.712143928035982,0.580645161290323,0.449438202247191,0.465,0.166666666666667,0.177777777777778,0.488,0.131147540983607,0.152777777777778,0.786,0.156862745098039,0.374045801526718,0.238095238095238,0.192307692307692,0.303571428571429,0.725,0.353159851301115,0.30952380952381,1,0,0,0
"134","Stephanie Soares","DAL",0.1,0.8125,0.601626016260163,"Iowa State","USA",0.538461538461538,0.16030534351145,0.811410459587956,"10.2%","16.0%","11.0%","34.4%","8.5%","23-24",0.538461538461538,0.117647058823529,0.538461538461538,0.075,0.175202156334232,0.0495049504950495,0.076530612244898,0.440779610194903,0.032258064516129,0.0561797752808989,0.167,0.0416666666666667,0.0555555555555556,0.364,0.0163934426229508,0.0138888888888889,1,0.156862745098039,0.16030534351145,0.0476190476190476,0.153846153846154,0.0892857142857143,0.2,0.0408921933085502,0.0595238095238095,1,0,0,0
"135","Stephanie Talbot","LAS",0.4,0.5625,0.56910569105691,"None","Australia",0.923076923076923,0.206106870229008,0.86053882725832,"3.5%","14.8%","12.6%","47.9%","19.2%","23-24",0.923076923076923,0.408344733242134,0.923076923076923,0.25,0.39622641509434,0.128712871287129,0.173469387755102,0.592203898050975,0.129032258064516,0.157303370786517,0.26,0.104166666666667,0.111111111111111,0.486,0.0819672131147541,0.111111111111111,0.69,0.117647058823529,0.206106870229008,0.238095238095238,0.192307692307692,0.178571428571429,0.35,0.130111524163569,0.25,0,1,0,0
"136","Sug Sutton","WAS",0.2,0.1875,0.146341463414634,"Texas-Austin","USA",0.717948717948718,0.0763358778625954,0.84891706286318,"1.6%","5.9%","13.3%","40.0%","25.2%","23-24",0.153846153846154,0.0328317373461012,0.153846153846154,0,0.15633423180593,0.0297029702970297,0.0510204081632653,0.428785607196402,0,0.0674157303370786,0,0.03125,0.0222222222222222,0.667,0,0,NA,0,0.0458015267175573,0.142857142857143,0,0.125,0.025,0.0855018587360595,0.25,0,0,1,0
"137","Sydney Colson","LVA",0.65,0.1875,0.146341463414634,"Texas A&M","USA",0.769230769230769,0.0381679389312977,0.929741151611199,"0.4%","5.7%","14.4%","55.9%","18.9%","23-24",0.769230769230769,0.167578659370725,0.769230769230769,0.025,0.175202156334232,0.0891089108910891,0.107142857142857,0.632683658170914,0.161290322580645,0.134831460674157,0.378,0.0416666666666667,0.05,0.481,0.0491803278688525,0.0416666666666667,0.889,0,0.0381679389312977,0.238095238095238,0.0769230769230769,0.0892857142857143,0.175,0.0929368029739777,0.119047619047619,0,0,1,0
"138","Taylor Soule","MIN",0.15,0.375,0.536585365853659,"Virginia Tech","USA",0.0256410256410256,0.0381679389312977,0,"0.0%","50.0%","16.7%","0.0%","0.0%","23-24",0.0256410256410256,0,0.0256410256410256,0,0,0,0,NA,0,0,NA,0,0,NA,0,0,NA,0,0.0381679389312977,0,0,0.0892857142857143,0,0,0,0,1,0,0
"139","Teaira McCowan","DAL",0.3,0.875,0.951219512195122,"Mississippi State","USA",0.974358974358974,0.618320610687023,0.841521394611727,"11.1%","21.2%","19.3%","60.7%","10.1%","23-24",0.974358974358974,0.6703146374829,0.974358974358974,0.95,0.638814016172507,0.465346534653465,0.423469387755102,0.854572713643178,0,0.0112359550561798,0.25,0.489583333333333,0.455555555555555,0.574,0.377049180327869,0.444444444444444,0.718,0.568627450980392,0.618320610687023,0.428571428571429,0.346153846153846,0.357142857142857,0.75,0.434944237918216,0.19047619047619,1,0,0,0
"140","Temi Fagbenle","IND",0.5,0.6875,0.471544715447154,"Southern California","United Kingdo",0.538461538461538,0.358778625954199,0.888008452192287,"7.7%","17.1%","15.5%","55.4%","7.7%","23-24",0.538461538461538,0.281805745554036,0.538461538461538,0.05,0.46900269541779,0.257425742574257,0.26530612244898,0.76311844077961,0.032258064516129,0.0561797752808989,0.167,0.260416666666667,0.255555555555556,0.549,0.163934426229508,0.180555555555556,0.786,0.274509803921569,0.358778625954199,0.238095238095238,0.269230769230769,0.214285714285714,0.75,0.237918215613383,0.107142857142857,1,0,0,0
"141","Tiffany Hayes","LVA",0.65,0.3125,0.268292682926829,"Connecticut","USA",0.82051282051282,0.213740458015267,0.916006339144215,"3.9%","9.2%","17.8%","60.9%","16.1%","23-24",0.82051282051282,0.482216142270862,0.82051282051282,0.125,0.539083557951482,0.326732673267327,0.341836734693878,0.749625187406297,0.32258064516129,0.280898876404494,0.402,0.239583333333333,0.233333333333333,0.558,0.295081967213115,0.347222222222222,0.714,0.156862745098039,0.213740458015267,0.380952380952381,0.115384615384615,0.142857142857143,0.525,0.353159851301115,0.25,0,0,1,0
"142","Tiffany Mitchell","CON",0.4,0.25,0.382113821138211,"South Carolina","USA",0.58974358974359,0.114503816793893,0.924986793449551,"3.0%","6.6%","16.7%","45.7%","8.1%","23-24",0.58974358974359,0.266073871409029,0.58974358974359,0,0.398921832884097,0.158415841584158,0.229591836734694,0.523238380809595,0.0967741935483871,0.112359550561798,0.25,0.135416666666667,0.194444444444444,0.376,0.245901639344262,0.263888888888889,0.783,0.0980392156862745,0.114503816793893,0.238095238095238,0,0.107142857142857,0.3,0.182156133828996,0.0952380952380952,0,0,1,0
"143","Tina Charles","ATL",0.7,0.6875,0.56910569105691,"Connecticut","USA",0.974358974358974,0.732824427480916,0.887480190174327,"8.0%","24.0%","24.1%","50.1%","15.2%","23-24",0.974358974358974,0.791381668946648,0.974358974358974,0.975,0.76010781671159,0.613861386138614,0.698979591836735,0.683658170914543,0.0967741935483871,0.123595505617978,0.262,0.614583333333333,0.7,0.473,0.360655737704918,0.375,0.785,0.490196078431373,0.732824427480916,0.428571428571429,0.192307692307692,0.285714285714286,0.625,0.553903345724907,0.273809523809524,1,0,0,0
"144","Tyasha Harris","CON",0.2,0.3125,0.24390243902439,"South Carolina","USA",0.974358974358974,0.137404580152672,0.924986793449551,"0.9%","5.7%","16.9%","54.6%","17.4%","23-24",0.974358974358974,0.767441860465116,0.974358974358974,0.95,0.735849056603774,0.366336633663366,0.443877551020408,0.637181409295352,0.483870967741935,0.438202247191011,0.395,0.229166666666667,0.266666666666667,0.45,0.245901639344262,0.277777777777778,0.766,0.0588235294117647,0.137404580152672,0.476190476190476,0.115384615384615,0.25,0.425,0.390334572490706,0.357142857142857,0,0,1,0
"145","Veronica Burton","CON",0.1,0.25,0.268292682926829,"Northwestern","USA",0.769230769230769,0.106870229007634,0.949815108293714,"3.6%","8.1%","11.8%","54.4%","22.0%","23-24",0.769230769230769,0.266757865937073,0.769230769230769,0.025,0.30188679245283,0.0792079207920792,0.11734693877551,0.541229385307346,0.129032258064516,0.134831460674157,0.351,0.0416666666666667,0.0611111111111111,0.371,0.163934426229508,0.166666666666667,0.838,0.0784313725490196,0.106870229007634,0.238095238095238,0.0769230769230769,0.0892857142857143,0.25,0.115241635687732,0.226190476190476,0,0,1,0
"146","Victaria Saxton","IND",0.15,0.5625,0.479674796747967,"South Carolina","USA",0.205128205128205,0.0229007633587786,0.799788695192816,"0.0%","12.0%","22.0%","40.5%","0.0%","23-24",0.205128205128205,0.0136798905608755,0.205128205128205,0,0.0296495956873315,0.0297029702970297,0.0510204081632653,0.499250374812594,0.032258064516129,0.0449438202247191,0.25,0.0208333333333333,0.0333333333333333,0.4,0.0163934426229508,0.0277777777777778,0.5,0,0.0229007633587786,0,0,0.0178571428571429,0.1,0.033457249070632,0,0,1,0,0
"147","Victoria Vivians","SEA",0.4,0.5,0.609756097560976,"Mississippi State","USA",0.871794871794872,0.152671755725191,0.910723718964606,"3.8%","11.5%","13.7%","43.3%","9.5%","23-24",0.871794871794872,0.302325581395349,0.871794871794872,0.375,0.30188679245283,0.118811881188119,0.178571428571429,0.499250374812594,0.193548387096774,0.224719101123595,0.319,0.0520833333333333,0.0833333333333333,0.352,0.0327868852459016,0.0416666666666667,0.667,0.0980392156862745,0.152671755725191,0.19047619047619,0.0769230769230769,0.107142857142857,0.3,0.115241635687732,0.0952380952380952,0,0,1,0
"148","Zia Cooke","LAS",0.1,0.25,0.333333333333333,"South Carolina","USA",0.717948717948718,0.0458015267175573,0.821975699947174,"1.1%","6.3%","24.0%","41.3%","12.2%","23-24",0.717948717948718,0.173734610123119,0.717948717948718,0,0.199460916442049,0.118811881188119,0.198979591836735,0.481259370314843,0.129032258064516,0.146067415730337,0.297,0.09375,0.144444444444444,0.333,0.114754098360656,0.138888888888889,0.69,0.0196078431372549,0.0458015267175573,0.142857142857143,0.0384615384615385,0.125,0.2,0.133828996282528,0.0714285714285714,0,0,1,0
