Rk,Player,Age,Team,Pos,G,GS,MP,FG,FGA,FG%,3P,3PA,3P%,2P,2PA,2P%,eFG%,FT,FTA,FT%,ORB,DRB,TRB,AST,STL,BLK,TOV,PF,PTS,Awards,Player-additional
1,Kevin Durant,25,OKC,SF,81,81,38.5,10.5,20.8,0.503,2.4,6.1,0.391,8.1,14.8,0.549,0.56,8.7,9.9,0.873,0.7,6.7,7.4,5.5,1.3,0.7,3.5,2.1,32,MVP-1ASNBA1,duranke01
2,Carmelo Anthony,29,NYK,PF,77,77,38.7,9.6,21.3,0.452,2.2,5.4,0.402,7.5,15.9,0.469,0.503,6,7,0.848,1.9,6.2,8.1,3.1,1.2,0.7,2.6,2.9,27.4,MVP-15AS,anthoca01
3,LeBron James,29,MIA,PF,77,77,37.7,10,17.6,0.567,1.5,4,0.379,8.5,13.6,0.622,0.61,5.7,7.6,0.75,1.1,5.9,6.9,6.3,1.6,0.3,3.5,1.6,27.1,MVP-2DPOY-6ASNBA1,jamesle01
4,Kevin Love,25,MIN,PF,77,77,36.3,8.4,18.5,0.457,2.5,6.6,0.376,6,11.9,0.502,0.524,6.8,8.2,0.821,2.9,9.6,12.5,4.4,0.8,0.5,2.5,1.8,26.1,MVP-11ASNBA2,loveke01
5,James Harden,24,HOU,SG,73,73,38,7.5,16.5,0.456,2.4,6.6,0.366,5.1,9.9,0.515,0.529,7.9,9.1,0.866,0.8,3.9,4.7,6.1,1.6,0.4,3.6,2.4,25.4,MVP-5ASNBA1,hardeja01
6,Blake Griffin,24,LAC,PF,80,80,35.8,9,17,0.528,0.2,0.6,0.273,8.8,16.4,0.537,0.533,6,8.4,0.715,2.4,7.1,9.5,3.9,1.2,0.6,2.8,3.3,24.1,MVP-3ASNBA2,griffbl01
7,Stephen Curry,25,GSW,PG,78,78,36.5,8.4,17.7,0.471,3.3,7.9,0.424,5,9.8,0.509,0.566,3.9,4.5,0.885,0.6,3.7,4.3,8.5,1.6,0.2,3.8,2.5,24,MVP-6ASNBA2,curryst01
8,LaMarcus Aldridge,28,POR,PF,69,69,36.2,9.4,20.6,0.458,0,0.2,0.2,9.4,20.4,0.461,0.459,4.3,5.2,0.822,2.4,8.7,11.1,2.6,0.9,1,1.8,2.1,23.2,MVP-10ASNBA3,aldrila01
9,DeMarcus Cousins,23,SAC,C,71,71,32.4,8.3,16.8,0.496,0,0.1,0,8.3,16.7,0.499,0.496,6.1,8.4,0.726,3.1,8.6,11.7,2.9,1.5,1.3,3.5,3.8,22.7,,couside01
10,DeMar DeRozan,24,TOR,SG,79,79,38.2,7.6,17.8,0.429,0.8,2.7,0.305,6.8,15.2,0.451,0.452,6.6,8,0.824,0.6,3.7,4.3,4,1.1,0.4,2.2,2.5,22.7,AS,derozde01
11,Al Jefferson,29,CHA,C,73,73,35,9.6,18.8,0.509,0,0.2,0.2,9.5,18.6,0.512,0.51,2.6,3.8,0.69,2.1,8.7,10.8,2.1,0.9,1.1,1.7,2.4,21.8,MVP-8NBA3,jeffeal01
12,Russell Westbrook,25,OKC,PG,46,46,30.7,7.5,17.2,0.437,1.5,4.7,0.318,6,12.5,0.482,0.48,5.3,6.4,0.826,1.2,4.5,5.7,6.9,1.9,0.2,3.8,2.3,21.8,,westbru01
13,Paul George,23,IND,SF,80,80,36.2,7.2,17,0.424,2.3,6.3,0.364,4.9,10.8,0.458,0.49,5,5.8,0.864,0.8,6,6.8,3.5,1.9,0.3,2.8,2.5,21.7,MVP-9DPOY-7ASNBA3,georgpa01
14,Dirk Nowitzki,35,DAL,PF,80,80,32.9,7.9,15.9,0.497,1.6,4.1,0.398,6.3,11.8,0.532,0.549,4.2,4.7,0.899,0.5,5.7,6.2,2.7,0.9,0.6,1.5,2.1,21.7,MVP-14AS,nowitdi01
15,Anthony Davis,20,NOP,PF,67,66,35.2,7.8,15,0.519,0,0.1,0.222,7.8,14.9,0.522,0.52,5.2,6.6,0.791,3.1,7,10,1.6,1.3,2.8,1.6,3,20.8,DPOY-8AS,davisan02
16,Kyrie Irving,21,CLE,PG,71,71,35.2,7.5,17.4,0.43,1.7,4.8,0.358,5.8,12.6,0.458,0.48,4.1,4.8,0.861,0.7,2.9,3.6,6.1,1.5,0.3,2.7,2.3,20.8,AS,irvinky01
17,Damian Lillard,23,POR,PG,82,82,35.8,6.7,15.9,0.424,2.7,6.8,0.394,4.1,9.1,0.447,0.508,4.5,5.2,0.871,0.4,3.1,3.5,5.6,0.8,0.3,2.4,2.4,20.7,ASNBA3,lillada01
18,Brook Lopez,25,BRK,C,17,17,31.4,7.6,13.5,0.563,0,0.1,0,7.6,13.4,0.566,0.563,5.5,6.8,0.817,2.3,3.7,6,0.9,0.5,1.8,1.6,3.1,20.7,,lopezbr01
19,Goran Dragić,27,PHO,SG,76,75,35.1,7.3,14.4,0.505,1.6,3.9,0.408,5.7,10.4,0.542,0.561,4.2,5.5,0.76,0.9,2.3,3.2,5.9,1.4,0.3,2.8,2.7,20.3,MVP-16MIP-1NBA3,dragigo01
20,Isaiah Thomas,24,SAC,PG,72,54,34.7,6.9,15.2,0.453,1.8,5.1,0.349,5.1,10.2,0.504,0.51,4.8,5.7,0.85,0.7,2.3,2.9,6.3,1.3,0.1,3,2.6,20.3,,thomais02
21,Rudy Gay,27,2TM,SF,73,73,34.7,7.4,16.2,0.455,0.9,2.7,0.33,6.5,13.5,0.481,0.483,4.4,5.3,0.822,1.5,4.4,6,2.9,1.3,0.8,3.1,2.3,20,,gayru01
22,Rudy Gay,27,TOR,SF,18,18,35.5,7.2,18.6,0.388,1.2,3.3,0.373,6,15.3,0.391,0.421,3.8,4.9,0.773,1.6,5.8,7.4,2.2,1.6,1.3,3.3,2.6,19.4,,gayru01
23,Rudy Gay,27,SAC,SF,55,55,34.4,7.4,15.3,0.482,0.8,2.5,0.312,6.6,12.8,0.516,0.508,4.5,5.4,0.836,1.5,4,5.5,3.1,1.2,0.6,3,2.3,20.1,,gayru01
24,Ryan Anderson,25,NOP,PF,22,14,36.1,7,16.1,0.438,3,7.5,0.409,4,8.6,0.463,0.532,2.7,2.8,0.952,3,3.5,6.5,0.8,0.5,0.3,0.9,2.1,19.8,,anderry01
25,John Wall,23,WAS,PG,82,82,36.3,7.1,16.3,0.433,1.3,3.8,0.351,5.7,12.5,0.458,0.473,3.9,4.8,0.805,0.5,3.6,4.1,8.8,1.8,0.5,3.6,2.7,19.3,AS,walljo01
26,Kevin Martin,30,MIN,SG,68,68,32,6.5,15,0.43,1.7,4.4,0.387,4.8,10.7,0.448,0.486,4.5,5,0.891,0.5,2.5,3,1.8,1,0.1,1.6,1.8,19.1,,martike02
27,Chris Paul,28,LAC,PG,62,62,35,6.5,14,0.467,1.3,3.4,0.368,5.3,10.6,0.498,0.511,4.8,5.6,0.855,0.6,3.7,4.3,10.7,2.5,0.1,2.3,2.5,19.1,MVP-7DPOY-13ASNBA1,paulch01
28,Monta Ellis,28,DAL,SG,82,82,36.9,7,15.6,0.451,0.8,2.5,0.33,6.2,13,0.474,0.478,4.1,5.2,0.788,0.5,3.1,3.6,5.7,1.7,0.3,3.2,2.4,19,,ellismo01
29,Dwyane Wade,32,MIA,SG,54,53,32.9,7.7,14.1,0.545,0.2,0.6,0.281,7.5,13.5,0.557,0.551,3.5,4.8,0.733,1.1,3.4,4.5,4.7,1.5,0.5,3,2,19,AS,wadedw01
30,Jamal Crawford,33,LAC,SG,69,24,30.3,6.1,14.7,0.416,2.3,6.5,0.361,3.8,8.2,0.46,0.496,4,4.7,0.866,0.5,1.8,2.3,3.2,0.9,0.2,2,1.7,18.6,6MOY-1,crawfja01
31,Al Horford,27,ATL,C,29,29,33,8.2,14.5,0.567,0.1,0.4,0.364,8.1,14.1,0.572,0.571,2,2.9,0.682,2.3,6.1,8.4,2.6,0.9,1.5,2.2,1.9,18.6,,horfoal01
32,Klay Thompson,23,GSW,SG,81,81,35.4,6.9,15.5,0.444,2.8,6.6,0.417,4.1,8.9,0.464,0.533,1.8,2.3,0.795,0.5,2.6,3.1,2.2,0.9,0.5,1.7,2.9,18.4,,thompkl01
33,Dwight Howard,28,HOU,C,71,71,33.7,6.7,11.3,0.591,0,0.1,0.286,6.6,11.2,0.594,0.593,4.9,9,0.547,3.3,8.9,12.2,1.8,0.8,1.8,3.2,3.4,18.3,DPOY-8ASNBA2,howardw01
34,Arron Afflalo,28,ORL,SG,73,73,35,6.4,13.8,0.459,1.8,4.1,0.427,4.6,9.7,0.473,0.522,3.8,4.6,0.815,0.4,3.2,3.6,3.4,0.5,0,2,1.9,18.2,,afflaar01
35,David Lee,30,GSW,PF,69,67,33.2,7.4,14.2,0.523,0,0,0,7.4,14.2,0.523,0.523,3.3,4.3,0.78,2.6,6.7,9.3,2.1,0.7,0.4,2.2,3,18.2,,leeda02
36,Brandon Knight,22,MIL,PG,72,69,33.3,6.4,15.2,0.422,1.5,4.7,0.325,4.9,10.5,0.466,0.473,3.6,4.5,0.802,0.6,2.9,3.5,4.9,1,0.2,2.6,2,17.9,,knighbr03
37,Kyle Lowry,27,TOR,PG,79,79,36.2,5.8,13.7,0.423,2.4,6.3,0.38,3.4,7.3,0.46,0.511,4,4.9,0.813,1.1,3.6,4.7,7.4,1.5,0.2,2.5,3.4,17.9,,lowryky01
38,Paul Millsap,28,ATL,PF,74,73,33.5,6.5,14.1,0.461,1,2.9,0.358,5.5,11.3,0.487,0.498,3.9,5.3,0.731,2.1,6.4,8.5,3.1,1.7,1.1,2.5,2.8,17.9,AS,millspa01
39,Nick Young,28,LAL,SG,64,9,28.3,6,13.9,0.435,2.1,5.5,0.386,3.9,8.4,0.468,0.511,3.7,4.5,0.825,0.5,2.1,2.6,1.5,0.7,0.2,1.5,2.4,17.9,6MOY-8,youngni01
40,Thaddeus Young,25,PHI,PF,79,78,34.4,7.4,16.2,0.454,1.1,3.7,0.308,6.2,12.5,0.496,0.489,2.1,2.9,0.712,2.1,3.9,6,2.3,2.1,0.5,2.1,2.7,17.9,,youngth01
41,Eric Bledsoe,24,PHO,PG,43,40,32.9,6.2,12.9,0.477,1.2,3.3,0.357,5,9.7,0.517,0.522,4.3,5.5,0.772,0.6,4.1,4.7,5.5,1.6,0.3,3.3,2.3,17.7,,bledser01
42,Kemba Walker,23,CHA,PG,73,73,35.8,6.2,15.7,0.393,1.5,4.5,0.333,4.7,11.2,0.417,0.441,3.9,4.6,0.837,0.5,3.7,4.2,6.1,1.2,0.4,2.3,1.8,17.7,,walkeke02
43,Ty Lawson,26,DEN,PG,62,61,35.8,5.6,13,0.431,1.2,3.3,0.356,4.4,9.7,0.455,0.475,5.2,6.5,0.798,0.6,2.8,3.5,8.8,1.6,0.2,3.2,1.8,17.6,,lawsoty01
44,Nikola Peković,28,MIN,C,54,54,30.8,7,13,0.541,0,0,,7,13,0.541,0.541,3.4,4.6,0.747,3.8,4.9,8.7,0.9,0.6,0.4,1.6,2.4,17.5,,pekovni01
45,Pau Gasol,33,LAL,C,60,60,31.4,7.1,14.8,0.48,0.1,0.2,0.286,7,14.5,0.483,0.482,3.1,4.2,0.736,2.1,7.6,9.7,3.4,0.5,1.5,2.4,2.1,17.4,,gasolpa01
46,Zach Randolph,32,MEM,PF,79,79,34.2,7.1,15.2,0.467,0,0.3,0.1,7.1,14.9,0.474,0.468,3.2,4.3,0.742,3.4,6.7,10.1,2.5,0.7,0.3,2.3,2.7,17.4,,randoza01
47,Mike Conley,26,MEM,PG,73,73,33.5,6.3,14.1,0.45,1.4,4,0.361,4.9,10.1,0.484,0.5,3.1,3.8,0.815,0.6,2.4,2.9,6,1.5,0.2,2.1,1.9,17.2,MVP-17,conlemi01
48,Bradley Beal,20,WAS,SG,73,73,34.7,6.6,15.7,0.419,1.9,4.7,0.402,4.7,11,0.426,0.479,2,2.6,0.788,0.7,3,3.7,3.3,1,0.2,1.8,2.1,17.1,,bealbr01
49,Jeff Green,27,BOS,SF,82,82,34.2,5.9,14.3,0.412,1.6,4.8,0.341,4.2,9.5,0.448,0.469,3.5,4.3,0.795,0.7,4,4.6,1.7,0.7,0.6,2,2.2,16.9,,greenje02
50,Michael Carter-Williams,22,PHI,PG,70,70,34.5,6.1,15.1,0.405,0.8,3,0.264,5.3,12.1,0.44,0.431,3.7,5.2,0.703,1.4,4.8,6.2,6.3,1.9,0.6,3.5,3,16.7,ROY-1,cartemi01
51,Tony Parker,31,SAS,PG,68,68,29.4,6.7,13.4,0.499,0.4,1,0.373,6.3,12.5,0.509,0.513,2.9,3.6,0.811,0.3,2,2.3,5.7,0.5,0.1,2.2,1.3,16.7,MVP-12ASNBA2,parketo01
52,Chandler Parsons,25,HOU,SF,74,74,37.6,6.3,13.3,0.472,1.8,4.7,0.37,4.5,8.6,0.528,0.538,2.2,3,0.742,0.9,4.6,5.5,4,1.2,0.4,1.9,2.3,16.6,,parsoch01
53,Jeff Teague,25,ATL,PG,79,79,32.2,5.8,13.2,0.438,0.9,2.8,0.329,4.8,10.3,0.469,0.474,4,4.8,0.846,0.4,2.2,2.6,6.7,1.1,0.2,2.9,2,16.5,,teaguje01
54,Wesley Matthews,27,POR,SG,82,82,33.9,5.4,12.3,0.441,2.5,6.2,0.393,3,6.1,0.49,0.541,3.1,3.7,0.837,0.6,2.9,3.5,2.4,0.9,0.2,1.3,2.1,16.4,,matthwe02
55,Josh Smith,28,DET,SF,77,76,35.5,6.7,16,0.419,0.9,3.4,0.264,5.8,12.6,0.462,0.448,2.1,3.9,0.532,1.3,5.4,6.8,3.3,1.4,1.4,2.6,2.6,16.4,,smithjo03
56,Chris Bosh,29,MIA,C,79,79,32,6.2,12.1,0.516,0.9,2.8,0.339,5.3,9.3,0.569,0.555,2.8,3.4,0.82,1.2,5.4,6.6,1.1,1,1,1.6,2.4,16.2,AS,boshch01
57,Gordon Hayward,23,UTA,SF,77,77,36.4,5.5,13.4,0.413,1.1,3.6,0.304,4.4,9.8,0.453,0.454,4,4.9,0.816,0.8,4.3,5.1,5.2,1.4,0.5,2.8,2,16.2,,haywago01
58,Luol Deng,28,2TM,SF,63,63,35.1,5.9,13.7,0.431,0.9,3,0.302,5,10.7,0.468,0.465,3.4,4.3,0.791,1.6,4.2,5.7,2.9,1,0.1,1.8,1.8,16,,denglu01
59,Luol Deng,28,CHI,SF,23,23,37.4,7,15.4,0.452,0.7,2.7,0.274,6.2,12.7,0.49,0.476,4.4,5.4,0.815,1.7,5.1,6.9,3.7,1,0.2,2.6,2.3,19,,denglu01
60,Luol Deng,28,CLE,SF,40,40,33.8,5.3,12.7,0.417,1,3.2,0.315,4.3,9.5,0.451,0.457,2.8,3.6,0.771,1.5,3.6,5.1,2.5,1,0.1,1.4,1.5,14.3,,denglu01
61,Derrick Rose,25,CHI,PG,10,10,31.1,5.8,16.4,0.354,1.6,4.7,0.34,4.2,11.7,0.359,0.402,2.7,3.2,0.844,0.9,2.3,3.2,4.3,0.5,0.1,3.4,1.5,15.9,,rosede01
62,Dion Waiters,22,CLE,SG,70,24,29.6,6.1,14.2,0.433,1.3,3.6,0.368,4.8,10.6,0.455,0.479,2.3,3.4,0.685,0.5,2.3,2.8,3,0.9,0.2,2.2,2.2,15.9,6MOY-8,waitedi01
63,Gerald Green,28,PHO,SG,82,48,28.4,5.5,12.3,0.445,2.5,6.2,0.4,3,6,0.492,0.547,2.4,2.8,0.848,0.6,2.8,3.4,1.5,0.9,0.5,1.8,2.7,15.8,,greenge01
64,Joe Johnson,32,BRK,SG,79,79,32.6,5.8,12.9,0.454,2.1,5.1,0.401,3.8,7.8,0.489,0.533,2,2.5,0.815,0.6,2.8,3.4,2.7,0.6,0.1,1.5,1.6,15.8,AS,johnsjo02
65,Jodie Meeks,26,LAL,SG,77,70,33.2,5.4,11.6,0.463,2.1,5.2,0.401,3.3,6.3,0.514,0.554,2.9,3.4,0.857,0.4,2.1,2.5,1.8,1.4,0.1,1.4,1.5,15.7,,meeksjo01
66,Brandon Jennings,24,DET,PG,80,79,34.1,5.3,14.2,0.373,1.9,5.7,0.337,3.4,8.5,0.397,0.441,3,4,0.751,0.7,2.3,3.1,7.6,1.3,0.1,2.7,2,15.5,,jennibr01
67,Eric Gordon,25,NOP,SG,64,64,32.1,5.6,12.8,0.436,1.6,4,0.391,4,8.7,0.456,0.498,2.7,3.5,0.785,0.5,2.1,2.6,3.3,1.2,0.2,2.1,1.8,15.4,,gordoer01
68,Greg Monroe,23,DET,PF,82,82,32.8,6.1,12.4,0.497,0,0,0,6.1,12.4,0.497,0.497,2.9,4.5,0.657,3.1,6.1,9.3,2.1,1.1,0.6,2,2.5,15.2,,monrogr01
69,JJ Redick,29,LAC,SG,35,34,28.2,5.2,11.4,0.455,2.1,5.3,0.395,3.1,6.1,0.507,0.546,2.8,3,0.915,0.3,1.9,2.1,2.2,0.8,0.1,1.2,1.9,15.2,,redicjj01
70,Tim Duncan,37,SAS,C,74,74,29.2,6,12.2,0.49,0,0.1,0,6,12.2,0.493,0.49,3.1,4.3,0.731,2.1,7.6,9.7,3,0.6,1.9,2.1,1.8,15.1,MVP-12DPOY-13,duncati01
71,Serge Ibaka,24,OKC,PF,81,81,32.9,6.5,12.1,0.536,0.3,0.7,0.383,6.2,11.3,0.546,0.548,1.9,2.5,0.784,2.8,6,8.8,1,0.5,2.7,1.5,2.9,15.1,DPOY-4,ibakase01
72,Avery Bradley,23,BOS,SG,60,58,30.9,6,13.8,0.438,1.3,3.3,0.395,4.7,10.4,0.451,0.485,1.5,1.9,0.804,0.8,3,3.8,1.4,1.1,0.2,1.6,2.4,14.9,,bradlav01
73,Marc Gasol,29,MEM,C,59,59,33.4,5.7,12.1,0.473,0,0.2,0.182,5.7,11.9,0.477,0.474,3.1,4.1,0.768,1.4,5.8,7.2,3.6,1,1.3,1.9,2.5,14.6,DPOY-15,gasolma01
74,Tobias Harris,21,ORL,PF,61,36,30.3,5.4,11.7,0.464,0.5,2.1,0.254,4.9,9.7,0.508,0.486,3.2,4,0.807,1.4,5.5,7,1.3,0.7,0.4,1.3,2.3,14.6,,harrito02
75,Tyreke Evans,24,NOP,SF,72,22,28.2,5.4,12.5,0.436,0.3,1.3,0.221,5.1,11.1,0.461,0.448,3.3,4.3,0.771,1.1,3.7,4.7,5,1.2,0.3,2.4,2.2,14.5,,evansty01
76,J.R. Smith,28,NYK,SF,74,37,32.7,5.4,12.9,0.415,2.6,6.5,0.394,2.8,6.4,0.436,0.514,1.2,1.9,0.652,0.5,3.5,4,3,0.9,0.3,1.5,2.6,14.5,,smithjr01
77,Trevor Ariza,28,WAS,SF,77,77,35.4,5.1,11.1,0.456,2.3,5.7,0.407,2.7,5.3,0.509,0.562,1.9,2.5,0.772,1.3,4.9,6.2,2.5,1.6,0.3,1.7,2.3,14.4,DPOY-15,arizatr01
78,Jrue Holiday,23,NOP,PG,34,34,33.6,6,13.4,0.447,0.9,2.3,0.39,5.1,11.1,0.459,0.48,1.5,1.9,0.81,0.8,3.4,4.2,7.9,1.6,0.4,3.1,2.7,14.3,,holidjr01
79,Deron Williams,29,BRK,PG,64,58,32.2,5,11.2,0.45,1.5,4.2,0.366,3.5,7,0.5,0.518,2.7,3.4,0.801,0.2,2.4,2.6,6.1,1.5,0.2,2.2,2.3,14.3,,willide01
80,Nenê,31,WAS,PF,53,37,29.4,5.6,11.2,0.503,0,0.1,0.2,5.6,11.1,0.506,0.504,2.9,5,0.583,1.2,4.3,5.5,2.9,1.2,0.9,2.2,3.1,14.2,,hilarne01
81,Nikola Vučević,23,ORL,C,57,57,31.8,6.2,12.2,0.507,0,0,,6.2,12.2,0.507,0.507,1.8,2.4,0.766,3.2,7.7,11,1.8,1.1,0.8,2,3,14.2,,vucevni01
82,Evan Turner,25,2TM,SF,81,56,30.3,5.4,12.6,0.425,0.6,1.9,0.321,4.7,10.7,0.444,0.45,2.6,3.2,0.813,0.8,4.3,5,3.2,0.8,0.1,2.3,2.4,14,,turneev01
83,Evan Turner,25,PHI,SF,54,54,34.9,6.6,15.4,0.428,0.7,2.4,0.288,5.9,12.9,0.455,0.451,3.5,4.2,0.829,0.9,5,6,3.7,1,0.1,2.9,2.7,17.4,,turneev01
84,Evan Turner,25,IND,SF,27,2,21.1,2.9,7,0.411,0.4,0.9,0.5,2.4,6.1,0.398,0.442,0.9,1.3,0.706,0.4,2.7,3.2,2.4,0.4,0.1,1.3,1.8,7.1,,turneev01
85,Alec Burks,22,UTA,SG,78,12,28.1,4.9,10.7,0.457,0.6,1.8,0.35,4.2,8.8,0.48,0.487,3.6,4.8,0.748,0.8,2.5,3.3,2.7,0.9,0.2,1.9,2.4,14,,burksal01
86,Gerald Henderson,26,CHA,SG,77,77,32,5.2,12.1,0.433,0.5,1.5,0.348,4.7,10.6,0.445,0.455,3.1,4,0.761,0.4,3.6,4,2.6,0.7,0.4,1.5,2.1,14,,hendege02
87,David West,33,IND,PF,80,80,30.9,5.7,11.7,0.488,0.1,0.2,0.267,5.7,11.6,0.491,0.49,2.5,3.1,0.789,1.5,5.3,6.8,2.8,0.8,0.9,1.7,2.3,14,,westda01
88,Rodney Stuckey,27,DET,SG,73,5,26.7,5.1,11.7,0.436,0.3,1.2,0.273,4.8,10.5,0.455,0.45,3.3,4,0.836,0.5,1.8,2.3,2.1,0.7,0.1,1.7,1.8,13.9,,stuckro01
89,Kobe Bryant,35,LAL,SG,6,6,29.5,5.2,12.2,0.425,0.5,2.7,0.188,4.7,9.5,0.491,0.445,3,3.5,0.857,0.3,4,4.3,6.3,1.2,0.2,5.7,1.5,13.8,AS,bryanko01
90,Markieff Morris,24,PHO,PF,81,0,26.6,5.1,10.4,0.486,0.4,1.3,0.315,4.7,9.1,0.512,0.507,3.2,4,0.792,1.7,4.3,6,1.8,0.8,0.6,1.8,2.9,13.8,6MOY-4,morrima02
91,Victor Oladipo,21,ORL,PG,80,44,31.1,4.9,11.7,0.419,0.9,2.8,0.327,4,8.9,0.448,0.458,3.1,4,0.78,0.5,3.6,4.1,4.1,1.6,0.5,3.2,2.6,13.8,ROY-2,oladivi01
92,Lance Stephenson,23,IND,SG,78,78,35.3,5.5,11.2,0.491,1.1,3.1,0.352,4.4,8,0.545,0.54,1.8,2.5,0.711,1.2,5.9,7.2,4.6,0.7,0.1,2.7,2.5,13.8,,stephla01
93,Carlos Boozer,32,CHI,PF,76,76,28.2,5.9,12.9,0.456,0,0,0,5.9,12.9,0.457,0.456,1.9,2.5,0.767,1.8,6.5,8.3,1.6,0.7,0.3,2,2.8,13.7,,boozeca01
94,Kenneth Faried,24,DEN,PF,80,77,27.2,5.6,10.3,0.545,0,0,0,5.6,10.2,0.547,0.545,2.5,3.9,0.65,3,5.6,8.6,1.2,0.9,0.9,1.7,2.4,13.7,,farieke01
95,Wilson Chandler,26,DEN,SF,62,55,31.1,5,11.9,0.416,2,5.7,0.348,3,6.2,0.478,0.499,1.8,2.5,0.724,0.9,3.8,4.7,1.8,0.7,0.5,1.3,3.1,13.6,,chandwi01
96,Andre Drummond,20,DET,C,81,81,32.3,5.9,9.5,0.623,0,0,0,5.9,9.5,0.625,0.623,1.7,4,0.418,5.4,7.8,13.2,0.4,1.2,1.6,1.4,3.4,13.5,,drumman01
97,Paul Pierce,36,BRK,SF,75,68,28,4.3,9.5,0.451,1.5,4,0.373,2.8,5.5,0.507,0.529,3.4,4.1,0.826,0.3,4.3,4.6,2.4,1.1,0.4,2,2.5,13.5,,piercpa01
98,Andrea Bargnani,28,NYK,C,42,39,29.9,5.3,12,0.442,0.7,2.6,0.278,4.6,9.4,0.487,0.472,2,2.4,0.824,1.6,3.6,5.3,1.1,0.3,1.2,1.4,2.4,13.3,,bargnan01
99,Derrick Favors,22,UTA,PF,73,73,30.2,5.3,10.2,0.522,0,0,0,5.3,10.2,0.523,0.522,2.6,3.9,0.669,2.7,6,8.7,1.2,1,1.5,1.8,3.2,13.3,,favorde01
100,Jared Sullinger,21,BOS,PF,74,44,27.6,5.2,12.1,0.427,0.8,2.8,0.269,4.4,9.3,0.475,0.458,2.1,2.7,0.778,3.3,4.9,8.1,1.6,0.5,0.7,1.6,3.4,13.3,,sullija01
101,Spencer Hawes,25,2TM,C,80,78,30.9,5,11,0.456,1.6,3.9,0.416,3.4,7.2,0.478,0.529,1.5,1.9,0.783,1.6,6.6,8.3,3,0.6,1.2,2.2,3,13.2,,hawessp01
102,Spencer Hawes,25,PHI,C,53,53,31.4,5,11.1,0.451,1.5,3.8,0.399,3.5,7.2,0.478,0.52,1.5,1.9,0.782,1.7,6.9,8.5,3.3,0.6,1.3,2.2,2.9,13,,hawessp01
103,Spencer Hawes,25,CLE,C,27,25,29.8,5.1,11,0.468,1.7,3.9,0.448,3.4,7.1,0.479,0.547,1.5,1.9,0.784,1.6,6.1,7.7,2.4,0.5,1,2,3.1,13.5,,hawessp01
104,Randy Foye,30,DEN,SG,81,78,30.7,4.5,10.8,0.413,2.3,6.1,0.38,2.1,4.7,0.456,0.521,1.9,2.3,0.849,0.4,2.4,2.9,3.5,0.8,0.5,1.8,2.5,13.2,,foyera01
105,Marcin Gortat,29,WAS,C,81,80,32.8,5.6,10.4,0.542,0,0,1,5.6,10.4,0.541,0.542,1.9,2.8,0.686,2.5,7,9.5,1.7,0.5,1.5,1.6,2.5,13.2,,gortama01
106,D.J. Augustin,26,2TM,PG,71,9,27.3,4.2,10.1,0.415,1.9,4.7,0.401,2.3,5.4,0.427,0.508,2.8,3.2,0.885,0.2,1.6,1.8,4.4,0.7,0,1.8,2.1,13.1,6MOY-7,augusdj01
107,D.J. Augustin,26,TOR,PG,10,0,8.2,0.7,2.4,0.292,0.1,1.1,0.091,0.6,1.3,0.462,0.313,0.6,0.6,1,0,0.4,0.4,1,0.1,0,0.9,0.7,2.1,,augusdj01
108,D.J. Augustin,26,CHI,PG,61,9,30.4,4.8,11.4,0.419,2.2,5.3,0.411,2.6,6.1,0.426,0.514,3.2,3.6,0.882,0.2,1.8,2.1,5,0.9,0,1.9,2.3,14.9,,augusdj01
109,Jimmy Butler,24,CHI,SG,67,67,38.7,4.1,10.3,0.397,1,3.6,0.283,3.1,6.8,0.457,0.446,3.9,5,0.769,1.3,3.6,4.9,2.6,1.9,0.5,1.5,1.6,13.1,,butleji01
110,Reggie Jackson,23,OKC,PG,80,36,28.5,5,11.5,0.44,1,3.1,0.339,4,8.4,0.477,0.485,2,2.2,0.893,0.5,3.4,3.9,4.1,1.1,0.1,2.1,1.8,13.1,6MOY-5,jacksre01
111,Nicolas Batum,25,POR,SF,82,82,36,4.6,10,0.465,1.8,4.9,0.361,2.9,5.1,0.566,0.554,2,2.5,0.803,1.4,6,7.5,5.1,0.9,0.7,2.5,1.9,13,,batumni01
112,Taj Gibson,28,CHI,PF,82,8,28.7,5.2,10.9,0.479,0,0.1,0,5.2,10.8,0.483,0.479,2.6,3.4,0.751,2.4,4.4,6.8,1.1,0.5,1.4,1.8,2.5,13,6MOY-2,gibsota01
113,Tony Wroten,20,PHI,PG,72,16,24.5,4.8,11.2,0.427,0.6,2.6,0.213,4.2,8.6,0.492,0.452,2.9,4.5,0.641,1,2.2,3.2,3,1.1,0.2,2.8,2.1,13,,wroteto01
114,Trey Burke,21,UTA,PG,70,68,32.3,4.9,12.8,0.38,1.6,4.8,0.33,3.3,8,0.41,0.442,1.5,1.6,0.903,0.5,2.4,3,5.7,0.6,0.1,1.9,2.1,12.8,ROY-3,burketr01
115,Kawhi Leonard,22,SAS,SF,66,65,29.1,5.1,9.8,0.522,1,2.8,0.379,4.1,7,0.579,0.576,1.5,1.9,0.802,1.2,5.1,6.2,2,1.7,0.8,1.2,1.9,12.8,DPOY-11,leonaka01
116,Joakim Noah,28,CHI,C,80,80,35.3,4.8,10,0.475,0,0,0,4.8,10,0.476,0.475,3.1,4.2,0.737,3.5,7.7,11.3,5.4,1.2,1.5,2.4,3.1,12.6,MVP-4DPOY-1ASNBA1,noahjo01
117,Jeremy Lin,25,HOU,PG,71,33,28.9,4.2,9.3,0.446,1.2,3.2,0.358,3,6.1,0.492,0.508,3.1,3.7,0.823,0.5,2.2,2.6,4.1,1,0.4,2.5,2.3,12.5,,linje01
118,Ramon Sessions,27,2TM,PG,83,19,26.7,4,9.3,0.429,0.4,1.5,0.282,3.6,7.8,0.457,0.452,3.9,4.9,0.807,0.5,2,2.4,4.1,0.6,0.1,1.8,1.1,12.3,,sessira01
119,Ramon Sessions,27,CHA,PG,55,7,23.7,3.5,8.5,0.409,0.3,1.2,0.221,3.2,7.2,0.441,0.425,3.3,4.3,0.782,0.4,1.7,2.1,3.7,0.6,0.1,1.7,0.9,10.5,,sessira01
120,Ramon Sessions,27,MIL,PG,28,12,32.5,5,10.9,0.461,0.7,2,0.357,4.3,8.9,0.484,0.493,5.1,6.1,0.841,0.6,2.5,3.1,4.8,0.6,0.1,2,1.4,15.8,,sessira01
121,Corey Brewer,27,MIN,SF,81,81,32.2,4.8,10,0.481,0.7,2.6,0.28,4.1,7.4,0.552,0.517,2,2.8,0.718,0.8,1.8,2.6,1.7,1.9,0.4,1.3,2.6,12.3,,breweco01
122,Enes Freedom,21,UTA,C,80,37,26.7,5.2,10.7,0.491,0,0,0,5.2,10.7,0.492,0.491,1.9,2.6,0.73,2.8,4.7,7.5,0.9,0.4,0.5,1.8,2.9,12.3,6MOY-8,kanteen01
123,Manu Ginóbili,36,SAS,SG,68,3,22.8,4.3,9.2,0.469,1.3,3.8,0.349,3,5.4,0.553,0.541,2.4,2.8,0.851,0.4,2.5,3,4.3,1,0.3,2,1.9,12.3,6MOY-3,ginobma01
124,Terrence Jones,22,HOU,PF,76,71,27.3,5.1,9.4,0.542,0.4,1.3,0.307,4.7,8,0.581,0.564,1.6,2.6,0.605,2.1,4.8,6.9,1.1,0.7,1.3,0.9,1.8,12.1,,joneste01
125,Khris Middleton,22,MIL,SF,82,64,30,4.6,10.4,0.44,1.5,3.5,0.414,3.1,6.9,0.454,0.511,1.4,1.7,0.861,0.7,3,3.8,2.1,1,0.2,1.5,3,12.1,,middlkh01
126,Jameer Nelson,31,ORL,PG,68,68,32,4.3,11,0.394,2,5.8,0.348,2.3,5.2,0.444,0.485,1.4,1.6,0.857,0.4,3,3.4,7,0.8,0.1,2.4,2.1,12.1,,nelsoja01
127,Kyle Korver,32,ATL,SG,71,71,33.9,4.1,8.6,0.475,2.6,5.5,0.472,1.5,3.1,0.479,0.626,1.2,1.3,0.926,0.3,3.7,4,2.9,1,0.3,1.4,2.1,12,,korveky01
128,Vince Carter,37,DAL,SG,81,0,24.4,4.1,10,0.407,1.8,4.6,0.394,2.3,5.4,0.418,0.497,2,2.4,0.821,0.8,2.7,3.5,2.6,0.8,0.4,1.3,2.6,11.9,6MOY-6,cartevi01
129,Amar'e Stoudemire,31,NYK,C,65,21,22.6,4.8,8.6,0.557,0,0,,4.8,8.6,0.557,0.557,2.3,3.1,0.739,1.7,3.2,4.9,0.5,0.4,0.6,1.4,2.4,11.9,,stoudam01
130,J.J. Hickson,25,DEN,PF,69,52,26.9,4.8,9.5,0.508,0,0.1,0,4.8,9.4,0.514,0.508,2.2,4.2,0.517,3,6.2,9.2,1.4,0.7,0.7,1.9,2.6,11.8,,hicksjj01
131,O.J. Mayo,26,MIL,SG,52,23,25.9,4.3,10.6,0.407,1.6,4.4,0.37,2.7,6.2,0.433,0.484,1.5,1.7,0.864,0.5,1.9,2.4,2.2,0.5,0.3,1.8,2.1,11.7,,mayooj01
132,Rajon Rondo,27,BOS,PG,30,30,33.3,4.7,11.7,0.403,0.9,3,0.289,3.8,8.7,0.442,0.44,1.4,2.2,0.627,0.7,4.7,5.5,9.8,1.3,0.1,3.3,2.2,11.7,,rondora01
133,Tristan Thompson,22,CLE,PF,82,82,31.6,4.4,9.3,0.477,0,0,0,4.4,9.3,0.478,0.477,2.9,4.1,0.693,3.3,5.9,9.2,0.9,0.5,0.4,1.3,2.3,11.7,,thomptr01
134,Marco Belinelli,27,SAS,SF,80,25,25.2,4.2,8.7,0.485,1.6,3.7,0.43,2.6,5,0.525,0.576,1.4,1.6,0.847,0.2,2.6,2.8,2.2,0.6,0.1,1.2,1.6,11.4,6MOY-11,belinma01
135,José Calderón,32,DAL,PG,81,81,30.5,4.2,9.2,0.456,2.4,5.2,0.449,1.9,4,0.464,0.584,0.6,0.8,0.825,0.4,2,2.4,4.7,0.9,0.1,1.3,1.7,11.4,,caldejo01
136,Darren Collison,26,LAC,PG,80,35,25.9,4.1,8.7,0.467,0.9,2.4,0.376,3.2,6.3,0.501,0.518,2.4,2.8,0.857,0.6,1.8,2.4,3.7,1.2,0.2,1.7,1.9,11.4,,collida01
137,Mike Dunleavy,33,CHI,SF,82,61,31.5,4.1,9.4,0.43,1.5,4,0.38,2.6,5.5,0.467,0.51,1.7,2,0.854,0.6,3.6,4.2,2.3,0.8,0.6,1.3,2,11.3,,dunlemi02
138,Jonas Valančiūnas,21,TOR,C,81,81,28.2,4.4,8.3,0.531,0,0,0,4.4,8.3,0.532,0.531,2.4,3.2,0.762,2.8,6,8.8,0.7,0.3,0.9,1.7,3.1,11.3,,valanjo01
139,Andray Blatche,27,BRK,PF,73,7,22.2,4.4,9.2,0.476,0.2,0.7,0.278,4.2,8.5,0.494,0.487,2.2,3,0.742,1.6,3.7,5.3,1.5,1,0.5,1.5,2.3,11.2,6MOY-13,blatcan01
140,Ersan İlyasova,26,MIL,PF,55,47,26.9,4.3,10.5,0.409,0.7,2.4,0.282,3.6,8.1,0.446,0.441,1.9,2.4,0.823,1.9,4.3,6.2,1.3,0.8,0.1,1.1,2.5,11.2,,ilyaser01
141,Brandon Bass,28,BOS,PF,82,73,27.6,4.3,8.8,0.486,0,0.1,0.333,4.3,8.8,0.487,0.487,2.5,2.9,0.858,2,3.8,5.7,1.1,0.4,0.9,1.2,2.3,11.1,,bassbr01
142,DeMarre Carroll,27,ATL,SF,73,73,32.1,4.1,8.8,0.47,1.3,3.7,0.362,2.8,5.1,0.548,0.546,1.5,1.9,0.773,1.5,4.1,5.5,1.8,1.5,0.3,1.1,2.6,11.1,,carrode01
143,Channing Frye,30,PHO,PF,82,82,28.2,4.1,9.5,0.432,2,5.3,0.37,2.1,4.2,0.509,0.535,1,1.2,0.821,0.9,4.2,5.1,1.2,0.7,0.8,1.1,3,11.1,,fryech01
144,John Henson,23,MIL,PF,70,23,26.5,4.9,9.1,0.538,0,0,0,4.9,9.1,0.539,0.538,1.3,2.5,0.514,2.4,4.7,7.1,1.6,0.6,1.7,1.6,2.6,11.1,,hensojo01
145,Robin Lopez,25,POR,C,82,82,31.7,4.3,7.9,0.551,0,0,0,4.3,7.8,0.552,0.551,2.4,3,0.818,4,4.6,8.5,0.9,0.3,1.7,1,2.4,11.1,,lopezro01
146,Jordan Crawford,25,2TM,PG,81,35,23,4,9.7,0.415,1.1,3.5,0.316,2.9,6.2,0.471,0.472,1.8,2.1,0.864,0.3,1.9,2.3,3.5,0.6,0.1,1.7,1.5,11,,crawfjo02
147,Jordan Crawford,25,BOS,PG,39,35,30.7,4.8,11.7,0.413,1.3,4,0.318,3.5,7.6,0.463,0.468,2.8,3.2,0.873,0.5,2.6,3.1,5.7,0.9,0.1,2.2,1.9,13.7,,crawfjo02
148,Jordan Crawford,25,GSW,SG,42,0,15.7,3.3,7.9,0.417,1,3,0.313,2.4,4.9,0.483,0.477,0.9,1,0.837,0.2,1.3,1.5,1.4,0.3,0,1.2,1,8.4,,crawfjo02
149,Terrence Ross,22,TOR,SG,81,62,26.7,3.9,9.3,0.423,2,5,0.395,1.9,4.2,0.458,0.531,1,1.2,0.837,0.5,2.6,3.1,1,0.8,0.3,1.1,2.3,10.9,,rosste01
150,Roy Hibbert,27,IND,C,81,81,29.7,4.1,9.3,0.439,0,0.1,0.4,4.1,9.2,0.439,0.44,2.6,3.3,0.77,2.5,4.1,6.6,1.1,0.4,2.2,1.8,3.3,10.8,DPOY-2AS,hibbero01
151,Gary Neal,29,2TM,SG,52,3,21.4,3.7,9.1,0.41,1.3,3.5,0.378,2.4,5.6,0.43,0.482,1.8,2,0.895,0.2,1.5,1.7,1.6,0.3,0,1.2,1.3,10.5,,nealga01
152,Gary Neal,29,MIL,SG,30,2,20.2,3.6,9.2,0.39,1.3,3.7,0.36,2.3,5.5,0.41,0.462,1.5,1.8,0.833,0.3,1.4,1.7,1.5,0.2,0,1.3,0.9,10,,nealga01
153,Gary Neal,29,CHA,SG,22,1,23,3.9,8.8,0.438,1.3,3.1,0.406,2.6,5.7,0.456,0.51,2.2,2.3,0.961,0.1,1.7,1.8,1.7,0.5,0,1.1,1.8,11.2,,nealga01
154,Caron Butler,33,2TM,SF,56,13,25.3,3.8,9.6,0.394,1.8,4.4,0.394,2.1,5.2,0.395,0.485,1.1,1.3,0.84,0.4,3.7,4.1,1.5,0.8,0.3,1.1,2.1,10.5,,butleca01
155,Caron Butler,33,MIL,SF,34,13,24.1,4,10.4,0.387,1.6,4.3,0.361,2.5,6.1,0.406,0.462,1.4,1.6,0.839,0.5,4.2,4.6,1.6,0.7,0.3,1.5,1.9,11,,butleca01
156,Caron Butler,33,OKC,SF,22,0,27.2,3.5,8.5,0.409,2,4.6,0.441,1.4,3.8,0.369,0.53,0.7,0.9,0.842,0.2,3,3.2,1.2,1.1,0.3,0.4,2.5,9.7,,butleca01
157,Amir Johnson,26,TOR,PF,77,72,28.8,4.5,7.9,0.562,0.3,0.9,0.303,4.2,7.1,0.593,0.578,1.2,1.9,0.636,2.2,4.3,6.6,1.5,0.7,1.1,1.6,3.5,10.4,,johnsam01
158,DeAndre Jordan,25,LAC,C,82,82,35,4.2,6.3,0.676,0,0,,4.2,6.3,0.676,0.676,2,4.6,0.428,4,9.5,13.6,0.9,1,2.5,1.5,3.2,10.4,DPOY-3,jordade01
159,Chris Kaman,31,LAL,C,39,13,18.9,4.5,8.9,0.509,0,0.1,0,4.5,8.8,0.513,0.509,1.3,1.7,0.765,1.4,4.5,5.9,1.5,0.3,1,1.9,2.4,10.4,,kamanch01
160,Shawn Marion,35,DAL,SF,76,76,31.7,4.5,9.3,0.482,0.8,2.1,0.358,3.7,7.2,0.518,0.523,0.7,0.9,0.785,1.7,4.8,6.5,1.6,1.2,0.5,1.3,1.6,10.4,,mariosh01
161,Nate Robinson,29,DEN,PG,44,1,19.7,3.7,8.7,0.428,1.3,3.5,0.377,2.4,5.2,0.463,0.504,1.6,1.9,0.835,0.5,1.4,1.8,2.5,0.8,0.1,1.3,2.1,10.4,,robinna01
162,Lou Williams,27,ATL,PG,60,7,24.1,3.3,8.2,0.4,1.3,3.9,0.342,2,4.4,0.45,0.48,2.5,3,0.849,0.2,1.9,2.1,3.5,0.8,0.1,1.5,1.1,10.4,,willilo02
163,George Hill,27,IND,PG,76,76,32,3.6,8.1,0.442,1.3,3.4,0.365,2.3,4.7,0.497,0.519,1.9,2.3,0.807,0.7,3,3.7,3.5,1,0.3,1.2,2.1,10.3,,hillge01
164,Patrick Beverley,25,HOU,PG,56,55,31.3,3.6,8.6,0.414,1.6,4.6,0.361,1.9,4,0.473,0.509,1.5,1.8,0.814,1.3,2.2,3.5,2.7,1.4,0.4,1.2,3.1,10.2,DPOY-17,beverpa01
165,Tim Hardaway Jr.,21,NYK,SG,81,1,23.1,3.6,8.5,0.428,1.6,4.4,0.363,2,4.1,0.498,0.523,1.3,1.6,0.828,0.2,1.3,1.5,0.8,0.5,0.1,0.6,1.8,10.2,ROY-56MOY-13,hardati02
166,Patty Mills,25,SAS,PG,81,2,18.9,3.8,8.2,0.464,1.7,3.9,0.425,2.1,4.3,0.5,0.565,0.9,1,0.89,0.4,1.7,2.1,1.8,0.8,0.1,0.8,1.4,10.2,6MOY-13,millspa02
167,James Anderson,24,PHI,SG,80,62,28.9,3.9,9,0.431,1.4,4.4,0.328,2.4,4.6,0.53,0.511,1,1.3,0.726,0.7,3,3.8,1.9,0.9,0.4,1.3,1.9,10.1,,anderja01
168,Jordan Farmar,27,LAL,PG,41,5,22.2,3.7,8.9,0.415,1.7,3.9,0.438,2,5,0.397,0.511,1.1,1.4,0.746,0.5,2,2.5,4.9,0.9,0.2,2.3,1.6,10.1,,farmajo01
169,Richard Jefferson,33,UTA,SF,82,78,27,3.6,8,0.45,1.5,3.7,0.409,2.1,4.3,0.484,0.544,1.5,2,0.741,0.2,2.5,2.7,1.6,0.7,0.2,1.1,2,10.1,,jefferi01
170,Xavier Henry,22,LAL,SF,43,5,21.1,3.3,8,0.417,0.7,1.9,0.346,2.7,6.1,0.439,0.458,2.7,4.1,0.655,0.6,2.1,2.7,1.2,1,0.2,1.3,1.8,10,,henryxa01
171,Matt Barnes,33,LAC,SF,63,40,27.5,3.7,8.4,0.438,1.5,4.5,0.343,2.1,3.9,0.549,0.53,1,1.4,0.733,1,3.7,4.6,2,0.9,0.4,1.3,2.9,9.9,,barnema02
172,C.J. Miles,26,CLE,SG,51,34,19.3,3.5,8,0.435,1.6,4.1,0.393,1.9,3.9,0.48,0.537,1.3,1.5,0.853,0.4,1.7,2,1,0.9,0.3,0.9,2,9.9,,milescj01
173,Marcus Thornton,26,2TM,SG,72,27,24.2,3.5,8.9,0.394,1.5,4.4,0.345,2,4.5,0.443,0.48,1.3,1.6,0.804,0.8,2,2.8,1.1,0.8,0.2,0.9,1.5,9.8,,thornma01
174,Marcus Thornton,26,SAC,SG,46,26,24.4,3.1,8.1,0.381,1.2,3.9,0.318,1.8,4.2,0.438,0.457,0.9,1.1,0.808,0.8,1.8,2.7,1,0.7,0.2,0.8,1.6,8.3,,thornma01
175,Marcus Thornton,26,BRK,SG,26,1,23.8,4.2,10.2,0.414,2,5.3,0.38,2.2,5,0.45,0.511,1.8,2.3,0.8,0.7,2.2,2.8,1.2,1,0.1,1.1,1.4,12.3,,thornma01
176,Mario Chalmers,27,MIA,PG,73,73,29.8,3.5,7.7,0.454,1.2,3.1,0.385,2.3,4.6,0.5,0.531,1.7,2.2,0.742,0.6,2.4,2.9,4.9,1.6,0.2,2.2,2.9,9.8,,chalmma01
177,Raymond Felton,29,NYK,PG,65,65,31,3.7,9.4,0.395,1,3,0.318,2.7,6.4,0.431,0.446,1.4,1.9,0.721,0.8,2.2,3,5.6,1.2,0.4,2,2.4,9.7,,feltora01
178,Jordan Hill,26,LAL,PF,72,32,20.8,4,7.2,0.549,0,0,0,4,7.2,0.55,0.549,1.7,2.5,0.685,2.7,4.7,7.4,0.8,0.4,0.9,1,2.4,9.7,,hilljo01
179,Marcus Morris,24,PHO,SF,82,1,22,3.5,7.9,0.442,1.2,3.2,0.381,2.3,4.8,0.483,0.518,1.5,1.9,0.761,1,2.9,3.9,1.1,0.9,0.2,1.2,1.9,9.7,,morrima03
180,Jason Smith,27,NOP,PF,31,27,26.8,4.2,9.1,0.465,0,0,,4.2,9.1,0.465,0.465,1.3,1.6,0.78,1.6,4.2,5.8,0.9,0.4,0.9,0.9,3.2,9.7,,smithja02
181,Martell Webster,27,WAS,SF,78,13,27.7,3.3,7.5,0.433,1.9,4.8,0.392,1.4,2.8,0.502,0.557,1.3,1.6,0.84,0.5,2.4,2.8,1.2,0.5,0.2,0.7,1.9,9.7,,webstma02
182,Mo Williams,31,POR,PG,74,0,24.8,3.8,9.1,0.417,1.1,3,0.369,2.7,6,0.441,0.478,1.1,1.2,0.876,0.6,1.5,2.1,4.3,0.7,0.1,2,2.7,9.7,6MOY-13,willima01
183,Courtney Lee,28,2TM,SG,79,47,25,3.7,7.8,0.48,0.9,2.5,0.371,2.8,5.3,0.531,0.539,1.3,1.4,0.884,0.4,2,2.4,1.5,0.8,0.4,0.9,1.6,9.6,,leeco01
184,Courtney Lee,28,BOS,SG,30,0,16.8,3,6.1,0.492,0.8,1.7,0.442,2.2,4.4,0.511,0.555,0.6,0.7,0.818,0.3,1.4,1.6,1.1,0.7,0.3,0.8,1.2,7.4,,leeco01
185,Courtney Lee,28,MEM,SG,49,47,30,4.2,8.8,0.476,1,2.9,0.345,3.2,5.9,0.54,0.532,1.7,1.8,0.9,0.4,2.4,2.8,1.7,0.9,0.4,1,1.8,11,,leeco01
186,Greivis Vásquez,27,2TM,PG,79,23,22.5,3.5,8.3,0.421,1.4,3.7,0.377,2.1,4.7,0.455,0.504,1.2,1.4,0.88,0.3,1.9,2.2,4.1,0.4,0.1,1.6,1.8,9.6,6MOY-13,vasqugr01
187,Greivis Vásquez,27,SAC,PG,18,18,25.8,3.6,8.3,0.433,0.9,2.8,0.32,2.7,5.6,0.49,0.487,1.7,1.8,0.938,0.3,1.6,1.9,5.3,0.3,0.1,1.5,2.1,9.8,,vasqugr01
188,Greivis Vásquez,27,TOR,PG,61,5,21.5,3.5,8.3,0.417,1.5,3.9,0.389,2,4.4,0.442,0.509,1.1,1.2,0.855,0.2,2,2.3,3.7,0.4,0.1,1.7,1.7,9.5,,vasqugr01
189,Ray Allen,38,MIA,SG,73,9,26.5,3.3,7.4,0.442,1.6,4.2,0.375,1.7,3.2,0.53,0.549,1.4,1.6,0.905,0.3,2.5,2.8,2,0.7,0.1,1.2,1.6,9.6,,allenra02
190,Mike Scott,25,ATL,PF,80,6,18.5,3.8,7.9,0.479,0.8,2.5,0.31,3,5.4,0.558,0.529,1.3,1.7,0.78,0.8,2.8,3.6,0.9,0.4,0.1,1,1.5,9.6,,scottmi01
191,Kyle Singler,25,DET,SF,82,36,28.5,3.3,7.3,0.447,1.1,3,0.382,2.1,4.3,0.492,0.525,1.9,2.2,0.826,1.4,2.3,3.7,0.9,0.7,0.5,1,2.6,9.6,,singlky01
192,Harrison Barnes,21,GSW,SF,78,24,28.3,3.5,8.7,0.399,0.8,2.4,0.347,2.6,6.3,0.419,0.448,1.7,2.3,0.718,0.8,3.1,4,1.5,0.8,0.3,1.1,2,9.5,,barneha02
193,Jarrett Jack,30,CLE,PG,80,31,28.2,3.6,8.7,0.41,0.8,2.3,0.341,2.8,6.4,0.435,0.455,1.6,1.9,0.839,0.3,2.5,2.8,4.1,0.7,0.3,1.7,1.7,9.5,,jackja01
194,Ricky Rubio,23,MIN,PG,82,82,32.2,3.1,8.2,0.381,0.5,1.6,0.331,2.6,6.5,0.393,0.413,2.8,3.5,0.802,0.7,3.4,4.2,8.6,2.3,0.1,2.7,2.7,9.5,,rubiori01
195,Glen Davis,28,2TM,PF,68,44,24.4,4,8.7,0.457,0.1,0.2,0.364,3.9,8.6,0.459,0.46,1.4,2,0.693,1.6,3.6,5.2,1.1,0.9,0.4,1.1,2.3,9.4,,davisgl01
196,Glen Davis,28,ORL,PF,45,43,30.1,5.2,11.4,0.453,0.1,0.2,0.4,5.1,11.2,0.454,0.457,1.7,2.5,0.675,1.9,4.3,6.3,1.6,1,0.5,1.3,2.5,12.1,,davisgl01
197,Glen Davis,28,LAC,PF,23,1,13.4,1.7,3.5,0.481,0,0,0,1.7,3.5,0.488,0.481,0.8,1,0.783,0.9,2.1,3,0.3,0.5,0.3,0.7,2.1,4.2,,davisgl01
198,Timofey Mozgov,27,DEN,C,82,30,21.6,3.5,6.6,0.523,0,0.3,0.167,3.4,6.4,0.539,0.527,2.4,3.2,0.754,2.1,4.4,6.4,0.8,0.3,1.2,1.5,2.6,9.4,6MOY-13,mozgoti01
199,Brian Roberts,28,NOP,PG,72,42,23.2,3.4,8.1,0.42,0.9,2.5,0.36,2.5,5.6,0.447,0.475,1.7,1.8,0.94,0.2,1.7,1.9,3.3,0.6,0.1,1.3,1.8,9.4,,roberbr01
200,P.J. Tucker,28,PHO,SF,81,81,30.7,3.3,7.6,0.431,0.9,2.4,0.387,2.4,5.2,0.45,0.491,1.9,2.5,0.776,2,4.5,6.5,1.7,1.4,0.3,1.3,2.5,9.4,DPOY-12,tuckepj01
201,Jerryd Bayless,25,2TM,PG,72,19,23.4,3.4,8.6,0.402,1.1,2.9,0.358,2.4,5.6,0.425,0.464,1.3,1.6,0.797,0.3,1.7,2,2.7,0.8,0.1,1.1,2.2,9.3,,bayleje01
202,Jerryd Bayless,25,MEM,PG,31,5,21,2.9,7.7,0.377,0.8,2.7,0.301,2.1,5,0.417,0.429,1.5,1.8,0.789,0.3,1.6,1.9,2.1,0.6,0.2,0.7,2.3,8.1,,bayleje01
203,Jerryd Bayless,25,BOS,PG,41,14,25.3,3.9,9.2,0.418,1.2,3.1,0.395,2.6,6.1,0.43,0.485,1.2,1.5,0.803,0.3,1.8,2.1,3.1,1,0.1,1.5,2.2,10.1,,bayleje01
204,Andre Iguodala,30,GSW,SF,63,63,32.4,3.5,7.3,0.48,1,2.8,0.354,2.5,4.5,0.558,0.548,1.4,2.1,0.652,0.8,3.8,4.7,4.2,1.5,0.3,1.6,1.6,9.3,DPOY-5,iguodan01
205,Boris Diaw,31,SAS,PF,79,24,25,3.8,7.3,0.521,0.6,1.4,0.402,3.3,5.9,0.549,0.559,0.9,1.2,0.739,0.9,3.2,4.1,2.8,0.6,0.4,1.5,1.8,9.1,,diawbo01
206,Danny Green,26,SAS,SG,68,59,24.3,3.2,7.4,0.432,1.9,4.7,0.415,1.3,2.8,0.46,0.562,0.7,0.9,0.794,0.4,3,3.4,1.5,1,0.9,1.1,1.6,9.1,,greenda02
207,Kirk Hinrich,33,CHI,PG,73,61,29,3.3,8.5,0.393,1.2,3.3,0.351,2.2,5.2,0.419,0.461,1.3,1.7,0.76,0.4,2.2,2.6,3.9,1.1,0.4,1.6,2.8,9.1,,hinriki01
208,Wesley Johnson,26,LAL,SF,79,62,28.4,3.5,8.2,0.425,1.3,3.4,0.369,2.2,4.8,0.466,0.502,0.8,1,0.792,0.9,3.5,4.4,1.6,1.1,1,1.1,2.6,9.1,,johnswe01
209,Marvin Williams,27,UTA,PF,66,50,25.4,3.5,8,0.439,1.3,3.5,0.359,2.2,4.4,0.503,0.519,0.9,1.1,0.781,1.2,3.8,5.1,1.2,0.8,0.5,0.8,2.3,9.1,,willima02
210,Brandan Wright,26,DAL,C,58,0,18.6,3.9,5.7,0.677,0,0,,3.9,5.7,0.677,0.677,1.3,1.8,0.726,1.8,2.4,4.2,0.5,0.6,0.9,0.6,1.6,9.1,,wrighbr03
211,Aaron Brooks,29,2TM,PG,72,12,21.6,3.2,8.1,0.401,1.3,3.4,0.387,1.9,4.6,0.411,0.484,1.2,1.3,0.874,0.6,1.3,1.9,3.2,0.7,0.2,1.6,2,9,,brookaa01
212,Aaron Brooks,29,HOU,PG,43,0,16.7,2.4,6.1,0.395,1.3,3.1,0.409,1.2,3,0.382,0.498,0.9,1,0.841,0.5,0.9,1.4,1.9,0.6,0.1,1.2,1.8,7,,brookaa01
213,Aaron Brooks,29,DEN,PG,29,12,29,4.4,11,0.406,1.4,4,0.362,3,7,0.431,0.472,1.6,1.8,0.902,0.7,2,2.7,5.2,0.9,0.2,2.3,2.4,11.9,,brookaa01
214,Tony Allen,32,MEM,SG,55,28,23.2,3.7,7.5,0.494,0.2,0.9,0.234,3.5,6.7,0.527,0.507,1.4,2.2,0.628,1.4,2.3,3.8,1.7,1.6,0.3,1.6,2.2,9,,allento01
215,Ben McLemore,20,SAC,SG,82,55,26.7,3.1,8.3,0.376,1.2,3.6,0.32,2,4.7,0.419,0.446,1.4,1.7,0.804,0.6,2.2,2.9,1,0.5,0.2,1.2,2.5,8.8,,mclembe01
216,Andrew Bynum,26,2TM,C,26,19,19.8,3.6,8.7,0.418,0,0,,3.6,8.7,0.418,0.418,1.4,1.9,0.755,2,3.5,5.6,1.1,0.2,1.1,1.3,1.2,8.7,,bynuman01
217,Andrew Bynum,26,CLE,C,24,19,20,3.5,8.5,0.419,0,0,,3.5,8.5,0.419,0.419,1.3,1.8,0.762,2,3.3,5.3,1.1,0.3,1.2,1.3,1.2,8.4,,bynuman01
218,Andrew Bynum,26,IND,C,2,0,18,4.5,11,0.409,0,0,,4.5,11,0.409,0.409,2.5,3.5,0.714,3,6.5,9.5,1,0,0.5,2,1.5,11.5,,bynuman01
219,Will Bynum,31,DET,PG,56,3,18.8,3.3,7.7,0.428,0.4,1.1,0.323,2.9,6.6,0.446,0.451,1.7,2.2,0.802,0.4,1.3,1.8,3.9,0.7,0.1,1.8,2.2,8.7,,bynumwi01
220,Tyson Chandler,31,NYK,C,55,55,30.2,3.5,5.9,0.593,0,0,0,3.5,5.8,0.595,0.593,1.8,2.8,0.632,2.9,6.7,9.6,1.1,0.7,1.1,1.3,2.6,8.7,,chandty01
221,Kelly Olynyk,22,BOS,C,70,9,20,3.3,7.2,0.466,0.6,1.6,0.351,2.8,5.5,0.5,0.506,1.4,1.7,0.811,2,3.2,5.2,1.6,0.5,0.4,1.5,3.2,8.7,,olynyke01
222,Mirza Teletović,28,BRK,SF,72,7,19.4,3.1,7.3,0.418,1.9,4.8,0.39,1.2,2.5,0.472,0.546,0.6,0.9,0.71,0.8,2.9,3.7,0.8,0.4,0.3,0.8,2,8.6,,teletmi01
223,Patrick Patterson,24,2TM,PF,65,13,23.6,3.5,7.5,0.46,0.8,2.3,0.364,2.6,5.2,0.503,0.516,0.8,1.1,0.704,1.8,3.5,5.3,1.2,0.8,0.6,1,2.4,8.5,,pattepa01
224,Patrick Patterson,24,SAC,PF,17,6,24.4,2.9,7.2,0.41,0.5,2.3,0.231,2.4,4.9,0.494,0.447,0.5,0.9,0.563,2,3.8,5.8,0.9,0.8,0.2,0.9,2.3,6.9,,pattepa01
225,Patrick Patterson,24,TOR,PF,48,7,23.3,3.6,7.6,0.477,1,2.3,0.411,2.7,5.3,0.506,0.54,0.9,1.1,0.745,1.7,3.3,5.1,1.3,0.9,0.7,1,2.5,9.1,,pattepa01
226,Jeremy Lamb,21,OKC,SG,78,0,19.7,3.4,7.8,0.432,1.1,3.2,0.356,2.2,4.6,0.483,0.504,0.7,0.8,0.797,0.3,2.1,2.4,1.5,0.7,0.3,0.8,1.8,8.5,,lambje01
227,Josh McRoberts,26,CHA,PF,78,78,30.3,3.2,7.3,0.436,1.3,3.7,0.361,1.8,3.5,0.516,0.529,0.8,1.1,0.729,1.1,3.7,4.8,4.3,0.7,0.6,1.1,2.4,8.5,,mcrobjo01
228,J.J. Barea,29,MIN,PG,79,1,18.6,3.2,8.3,0.387,0.9,2.9,0.316,2.3,5.4,0.426,0.443,1,1.3,0.79,0.2,1.7,1.9,3.8,0.3,0,1.6,1.6,8.4,,bareajo01
229,Troy Daniels,22,HOU,SG,5,1,15,3,6.2,0.484,2.4,5,0.48,0.6,1.2,0.5,0.677,0,0,,0,0.8,0.8,1,0,0,0.6,1.2,8.4,,danietr01
230,Evan Fournier,21,DEN,SG,76,4,19.8,3,7.2,0.419,1.2,3.1,0.376,1.8,4,0.453,0.501,1.2,1.6,0.756,0.4,2.2,2.7,1.5,0.4,0.1,1.3,2.4,8.4,,fournev01
231,Kris Humphries,28,BOS,PF,69,30,19.9,3.3,6.7,0.501,0,0,0,3.3,6.7,0.503,0.501,1.7,2.1,0.813,1.8,4.1,5.9,1,0.4,0.9,0.9,2,8.4,,humphkr01
232,Anthony Morrow,28,NOP,SG,76,9,18.8,3.1,6.8,0.458,1.2,2.6,0.451,2,4.3,0.462,0.542,0.9,1.1,0.828,0.4,1.5,1.8,0.8,0.5,0.2,0.7,1.3,8.4,,morroan01
233,Anderson Varejão,31,CLE,C,65,29,27.7,3.5,7.1,0.495,0,0.1,0,3.5,7,0.502,0.495,1.4,2.1,0.681,2.9,6.8,9.7,2.2,1.1,0.6,1.1,2.5,8.4,,varejan01
234,Drew Gooden,32,WAS,C,22,0,18,3.5,6.5,0.531,0.3,0.8,0.412,3.1,5.7,0.548,0.556,1.1,1.2,0.889,1.7,3.5,5.2,0.7,0.5,0.3,0.8,2.4,8.3,,goodedr01
235,Shaun Livingston,28,BRK,PG,76,54,26,3.1,6.4,0.483,0,0.1,0.167,3.1,6.3,0.486,0.484,2.1,2.5,0.827,0.9,2.4,3.2,3.2,1.2,0.4,1.4,2.3,8.3,,livinsh01
236,Danny Granger,30,2TM,SF,41,2,20.7,2.8,7.5,0.378,1,3.1,0.336,1.8,4.4,0.408,0.448,1.5,1.6,0.94,0.8,2.5,3.2,1,0.3,0.4,1.1,1.5,8.2,,grangda01
237,Danny Granger,30,IND,SF,29,2,22.5,2.8,7.7,0.359,1.1,3.2,0.33,1.7,4.4,0.38,0.428,1.8,1.8,0.962,0.8,2.8,3.6,1.1,0.3,0.4,1.2,1.4,8.3,,grangda01
238,Danny Granger,30,LAC,SF,12,0,16.2,3,7,0.429,1,2.8,0.353,2,4.2,0.48,0.5,1,1.2,0.857,0.6,1.8,2.3,0.7,0.3,0.3,0.8,1.8,8,,grangda01
239,Tiago Splitter,29,SAS,C,59,50,21.5,3.1,5.9,0.523,0,0.1,0,3.1,5.8,0.528,0.523,2.1,2.9,0.699,2.1,4.1,6.2,1.5,0.5,0.5,1.3,2,8.2,,splitti01
240,Manny Harris,24,LAL,SG,9,0,20,3.1,7.8,0.4,0.8,2.2,0.35,2.3,5.6,0.42,0.45,1.1,1.3,0.833,0.8,3,3.8,1.2,0.4,0.1,1,1.1,8.1,,harrima01
241,Miles Plumlee,25,PHO,C,80,79,24.6,3.6,6.9,0.517,0,0,,3.6,6.9,0.517,0.517,0.9,1.7,0.561,2.5,5.4,7.8,0.5,0.6,1.1,1.4,2.3,8.1,,plumlmi01
242,Derrick Williams,22,2TM,PF,78,15,23.3,2.6,6.2,0.427,0.3,1.3,0.263,2.3,4.9,0.47,0.454,2.4,3.3,0.718,0.9,3.2,4.1,0.7,0.6,0.3,1,1.5,8,,willide02
243,Derrick Williams,22,MIN,PF,11,0,14.7,1.7,4.9,0.352,0.2,1.4,0.133,1.5,3.5,0.436,0.37,1.3,1.5,0.875,0.3,2.1,2.4,0.1,0.4,0.4,0.5,0.8,4.9,,willide02
244,Derrick Williams,22,SAC,SF,67,15,24.7,2.8,6.4,0.437,0.4,1.3,0.286,2.4,5.1,0.474,0.465,2.6,3.6,0.708,1,3.4,4.4,0.8,0.7,0.2,1,1.6,8.5,,willide02
245,Ryan Kelly,22,LAL,PF,59,25,22.2,2.7,6.3,0.423,0.8,2.4,0.338,1.8,3.9,0.476,0.488,1.9,2.3,0.815,0.7,3,3.7,1.6,0.5,0.8,0.8,2.5,8,,kellyry01
246,Kendall Marshall,22,LAL,PG,54,45,29,3.1,7.8,0.406,1.3,3.3,0.399,1.8,4.5,0.411,0.49,0.4,0.7,0.528,0.3,2.6,2.9,8.8,0.9,0.1,2.8,1.4,8,,marshke01
247,Jeff Taylor,24,CHA,SF,26,8,24.2,3.2,8.4,0.376,0.7,2.6,0.269,2.5,5.8,0.424,0.417,1,1.8,0.553,0.6,1.7,2.3,0.8,0.5,0.2,1,2.4,8,,tayloje03
248,Michael Beasley,25,MIA,SF,55,2,15.1,3.2,6.5,0.499,0.4,1,0.389,2.8,5.5,0.518,0.528,1.1,1.4,0.772,0.6,2.6,3.1,0.8,0.4,0.4,1,1.7,7.9,,beaslmi01
249,Devin Harris,30,DAL,PG,40,0,20.5,2.4,6.4,0.378,0.8,2.5,0.307,1.6,3.8,0.425,0.439,2.3,2.9,0.8,0.2,1.9,2.1,4.5,0.7,0.1,1.5,1.8,7.9,,harride01
250,Jermaine O'Neal,35,GSW,PF,44,13,20.1,2.8,5.6,0.504,0,0,,2.8,5.6,0.504,0.504,2.3,3,0.75,1.9,3.6,5.5,0.6,0.3,0.9,1.2,2.3,7.9,,onealje01
251,Zaza Pachulia,29,MIL,C,53,43,25,2.8,6.6,0.427,0,0,0,2.8,6.6,0.428,0.427,2.1,2.5,0.846,2.7,3.6,6.3,2.6,0.8,0.3,1.7,2.3,7.7,,pachuza01
252,Austin Rivers,21,NOP,PG,69,4,19.4,2.8,6.9,0.405,0.5,1.4,0.364,2.3,5.4,0.416,0.443,1.6,2.5,0.636,0.4,1.5,1.9,2.3,0.7,0.1,1.1,1.9,7.7,,riverau01
253,Larry Sanders,25,MIL,C,23,20,25.4,3.3,7,0.469,0,0,0,3.3,7,0.472,0.469,1.1,2.4,0.473,2.6,4.6,7.2,0.8,0.8,1.7,1.1,3.2,7.7,,sandela01
254,Henry Sims,23,2TM,C,46,25,19,2.8,6,0.474,0,0,0,2.8,5.9,0.476,0.474,2,2.6,0.744,2.3,2.9,5.2,1.1,0.6,0.4,0.9,2.5,7.6,,simshe01
255,Henry Sims,23,CLE,C,20,0,8.4,0.9,2.3,0.4,0,0,,0.9,2.3,0.4,0.4,0.4,0.7,0.571,1.1,1.7,2.8,0.3,0.3,0.4,0.4,1.6,2.2,,simshe01
256,Henry Sims,23,PHI,C,26,25,27.2,4.3,8.8,0.489,0,0,0,4.3,8.8,0.491,0.489,3.2,4.1,0.766,3.2,3.8,7,1.8,0.9,0.5,1.3,3.2,11.8,,simshe01
257,Luis Scola,33,IND,PF,82,2,17.1,3.2,6.8,0.47,0,0.1,0.143,3.2,6.7,0.474,0.471,1.2,1.7,0.728,1,3.7,4.8,1,0.3,0.2,1.3,2,7.6,,scolalu01
258,Leandro Barbosa,31,PHO,PG,20,0,18.4,2.8,6.6,0.427,0.4,1.3,0.28,2.5,5.3,0.462,0.454,1.6,2,0.795,0.3,1.6,1.9,1.6,0.4,0.2,1,1.5,7.5,,barbole01
259,Shelvin Mack,23,ATL,PG,73,11,20.4,2.9,6.9,0.417,0.8,2.5,0.337,2,4.3,0.464,0.479,0.9,1,0.865,0.3,1.9,2.2,3.7,0.7,0,1.2,1.4,7.5,,macksh01
260,Maurice Harkless,20,ORL,SF,80,41,24.4,2.8,6,0.464,0.7,1.9,0.383,2.1,4.1,0.502,0.525,1.1,1.8,0.594,0.9,2.4,3.3,1,1.2,0.6,1.1,1.8,7.4,,harklma01
261,James Johnson,26,MEM,SF,52,4,18.4,2.8,5.9,0.464,0.4,1.7,0.253,2.3,4.3,0.548,0.5,1.5,1.7,0.844,1.2,2,3.2,2.1,0.8,1.1,1.3,2,7.4,,johnsja01
262,Mason Plumlee,23,BRK,C,70,22,18.2,2.8,4.3,0.659,0,0,0,2.8,4.3,0.666,0.659,1.7,2.8,0.626,1.4,3,4.4,0.9,0.7,0.8,1.1,2.4,7.4,ROY-4,plumlma01
263,Andrew Bogut,29,GSW,C,67,67,26.4,3.5,5.6,0.627,0,0,,3.5,5.6,0.627,0.627,0.3,1,0.344,2.7,7.3,10,1.7,0.7,1.8,1.4,3.1,7.3,DPOY-10,bogutan01
264,Al-Farouq Aminu,23,NOP,SF,80,65,25.6,2.9,6.2,0.474,0.2,0.6,0.271,2.8,5.6,0.496,0.487,1.1,1.7,0.664,1.6,4.6,6.2,1.4,1,0.5,1.1,1.8,7.2,,aminual01
265,Alan Anderson,31,BRK,SF,78,26,22.7,2.5,6.2,0.4,1.1,3.2,0.339,1.4,3,0.464,0.487,1.2,1.5,0.78,0.5,1.7,2.2,1,0.6,0.1,0.8,1.9,7.2,,anderal01
266,Michael Kidd-Gilchrist,20,CHA,SF,62,62,24.2,2.7,5.7,0.473,0,0.1,0.111,2.7,5.5,0.483,0.475,1.8,3,0.614,1.8,3.5,5.2,0.8,0.7,0.6,1,2.3,7.2,,kiddgmi01
267,Nate Wolters,22,MIL,PG,58,31,22.6,2.9,6.7,0.437,0.3,1.1,0.29,2.6,5.6,0.465,0.46,1,1.6,0.656,0.6,2,2.6,3.2,0.6,0.3,1,1.2,7.2,,woltena01
268,Mike Miller,33,MEM,SF,82,4,20.8,2.6,5.4,0.481,1.3,2.8,0.459,1.3,2.6,0.505,0.602,0.6,0.7,0.821,0.4,2.2,2.5,1.6,0.3,0.1,0.9,1.2,7.1,,millemi01
269,Jason Thompson,27,SAC,PF,82,61,24.5,3.1,6,0.506,0,0,,3.1,6,0.506,0.506,1,1.8,0.579,1.9,4.6,6.4,0.6,0.4,0.7,1.2,3.1,7.1,,thompja02
270,Pero Antić,31,ATL,C,50,26,18.5,2.5,5.9,0.418,1.1,3.4,0.327,1.3,2.5,0.545,0.514,1,1.3,0.758,1.1,3,4.2,1.2,0.4,0.2,1.1,2.5,7,,anticpe01
271,JaVale McGee,26,DEN,C,5,5,15.8,3.4,7.6,0.447,0,0,,3.4,7.6,0.447,0.447,0.2,0.2,1,2,1.4,3.4,0.4,0.2,1.4,1.6,3.2,7,,mcgeeja01
272,Steve Blake,33,2TM,PG,55,28,27.2,2.4,6.4,0.377,1.4,3.8,0.376,1,2.6,0.378,0.489,0.6,0.8,0.767,0.2,2.7,2.9,5.6,1,0.1,1.9,1.5,6.9,,blakest01
273,Steve Blake,33,LAL,PG,27,27,33,3.3,8.6,0.378,1.9,4.9,0.397,1.3,3.8,0.353,0.489,1,1.3,0.8,0.3,3.5,3.8,7.6,1.3,0.1,2.6,1.8,9.5,,blakest01
274,Steve Blake,33,GSW,PG,28,1,21.7,1.6,4.3,0.375,1,2.8,0.342,0.6,1.5,0.439,0.488,0.2,0.3,0.625,0.2,1.8,2,3.6,0.7,0.2,1.1,1.3,4.4,,blakest01
275,Omri Casspi,25,HOU,PF,71,2,18.1,2.4,5.8,0.422,0.9,2.5,0.347,1.6,3.3,0.479,0.496,1.2,1.7,0.68,0.8,2.9,3.7,1.2,0.6,0.2,1,1.4,6.9,,casspom01
276,Chris Douglas-Roberts,27,CHA,SF,49,8,20.7,2.3,5.1,0.44,1,2.7,0.386,1.2,2.4,0.5,0.542,1.3,1.7,0.805,0.3,2.1,2.4,1,0.6,0.3,0.7,1.2,6.9,,douglch01
277,Jared Dudley,28,LAC,SF,74,43,23.4,2.6,6,0.438,1.1,3,0.36,1.6,3,0.518,0.529,0.5,0.8,0.655,0.5,1.7,2.2,1.4,0.6,0.1,0.8,2,6.9,,dudleja01
278,Jeff Adrien,27,2TM,PF,53,12,18.1,2.7,5.2,0.52,0,0,,2.7,5.2,0.52,0.52,1.4,2.2,0.639,1.9,3.8,5.8,0.7,0.5,0.7,0.7,2,6.8,,adrieje01
279,Jeff Adrien,27,CHA,PF,25,0,10.2,0.9,1.6,0.55,0,0,,0.9,1.6,0.55,0.55,0.5,1,0.52,1.3,2.2,3.5,0.3,0.3,0.6,0.3,1.4,2.3,,adrieje01
280,Jeff Adrien,27,MIL,PF,28,12,25.2,4.3,8.4,0.515,0,0,,4.3,8.4,0.515,0.515,2.3,3.4,0.67,2.5,5.3,7.8,1.1,0.6,0.8,1.1,2.6,10.9,,adrieje01
281,Giannis Antetokounmpo,19,MIL,SF,77,23,24.6,2.2,5.4,0.414,0.5,1.5,0.347,1.7,3.9,0.44,0.463,1.8,2.6,0.683,1,3.4,4.4,1.9,0.8,0.8,1.6,2.2,6.8,ROY-7,antetgi01
282,Trevor Booker,26,WAS,PF,72,45,21.6,3.1,5.6,0.551,0,0,0,3.1,5.6,0.554,0.551,0.7,1.1,0.618,2.1,3.2,5.3,0.9,0.6,0.6,0.8,1.8,6.8,,booketr01
283,Steve Nash,39,LAL,PG,15,10,20.9,2.4,6.3,0.383,0.5,1.6,0.333,1.9,4.7,0.4,0.426,1.5,1.6,0.917,0.3,1.7,1.9,5.7,0.5,0.1,2.1,1.2,6.8,,nashst01
284,Jordan Hamilton,23,2TM,SF,60,12,17,2.5,6.3,0.391,1.2,3.3,0.354,1.3,3,0.433,0.484,0.7,0.9,0.784,0.5,2.7,3.2,0.9,0.7,0.3,0.8,1.1,6.7,,hamiljo02
285,Jordan Hamilton,23,DEN,SF,39,11,17.2,2.5,6.5,0.39,1.2,3.3,0.349,1.4,3.2,0.432,0.478,0.6,0.8,0.742,0.6,2.8,3.4,0.9,0.8,0.3,0.7,0.8,6.8,,hamiljo02
286,Jordan Hamilton,23,HOU,SF,21,1,16.6,2.3,5.8,0.393,1.2,3.3,0.362,1.1,2.5,0.434,0.496,0.8,1,0.85,0.4,2.5,2.9,0.9,0.6,0.3,0.9,1.7,6.6,,hamiljo02
287,Chase Budinger,25,MIN,SF,41,8,18.3,2.4,6.2,0.394,1,2.9,0.35,1.4,3.3,0.433,0.476,0.8,1,0.821,0.5,2,2.5,0.8,0.5,0,0.6,1.4,6.7,,budinch01
288,Iman Shumpert,23,NYK,SG,74,58,26.5,2.5,6.5,0.378,1,3.1,0.333,1.4,3.5,0.418,0.457,0.7,1,0.746,1.1,3.1,4.2,1.7,1.2,0.2,1.1,2.8,6.7,,shumpim01
289,Chris Andersen,35,MIA,C,72,0,19.4,2.5,3.8,0.644,0,0.2,0.25,2.4,3.7,0.662,0.649,1.7,2.3,0.71,1.8,3.5,5.3,0.3,0.4,1.3,0.7,2.3,6.6,6MOY-11,anderch01
290,Samuel Dalembert,32,DAL,C,80,68,20.2,2.7,4.7,0.568,0,0,0,2.7,4.7,0.569,0.568,1.3,1.7,0.737,2.5,4.3,6.8,0.5,0.5,1.2,1.1,2.6,6.6,,dalemsa01
291,Al Harrington,33,WAS,PF,34,0,15,2.4,6.1,0.396,1,2.9,0.34,1.4,3.1,0.449,0.478,0.8,1,0.771,0.4,1.9,2.4,0.8,0.4,0,1,2.1,6.6,,harrial01
292,C.J. Watson,29,IND,PG,63,5,18.9,2.3,5.3,0.437,0.8,2.3,0.366,1.5,3,0.492,0.516,1.1,1.4,0.784,0.3,1.3,1.6,1.7,1,0.1,1,1,6.6,,watsocj01
293,Kevin Garnett,37,BRK,C,54,54,20.5,2.9,6.6,0.441,0,0.1,0,2.9,6.5,0.445,0.441,0.7,0.9,0.809,1.1,5.5,6.6,1.5,0.8,0.7,1.3,2.3,6.5,,garneke01
294,DeJuan Blair,24,DAL,PF,78,13,15.6,2.7,5,0.534,0,0,0,2.7,5,0.537,0.534,1,1.6,0.636,1.8,2.9,4.7,0.9,0.8,0.3,1,2.5,6.4,,blairde01
295,Norris Cole,25,MIA,PG,82,6,24.6,2.5,6.1,0.414,0.7,2.1,0.345,1.8,4,0.451,0.474,0.6,0.8,0.779,0.2,1.7,2,3,0.9,0.1,1.5,1.9,6.4,,coleno01
296,Kosta Koufos,24,MEM,C,80,22,16.9,2.8,5.7,0.495,0,0,,2.8,5.7,0.495,0.495,0.8,1.2,0.645,2,3.2,5.2,0.5,0.4,0.9,0.8,2.3,6.4,,koufoko01
297,Marreese Speights,26,GSW,C,79,3,12.4,2.5,5.6,0.441,0.1,0.4,0.258,2.4,5.2,0.455,0.45,1.4,1.7,0.821,1.3,2.4,3.7,0.4,0.1,0.4,0.8,1.9,6.4,,speigma01
298,Luke Babbitt,24,NOP,PF,27,2,17.5,2.2,5.7,0.39,1.3,3.5,0.379,0.9,2.2,0.407,0.506,0.5,0.7,0.778,0.7,2.6,3.3,1.1,0.3,0.4,0.6,1.9,6.3,,babbilu01
299,Dante Cunningham,26,MIN,PF,81,7,20.2,2.9,6.3,0.464,0,0.1,0,2.9,6.2,0.468,0.464,0.5,0.8,0.567,1.4,2.7,4.1,1,0.8,0.7,0.5,1.8,6.3,,cunnida01
300,Chris Johnson,23,BOS,SF,40,0,19.7,2.1,5.4,0.397,1.1,3.2,0.339,1.1,2.2,0.483,0.498,0.9,1.1,0.86,0.8,1.7,2.4,0.8,0.7,0.1,0.6,1.6,6.3,,johnsch04
301,E'Twaun Moore,24,ORL,SG,79,3,19.1,2.5,5.8,0.428,0.7,2,0.354,1.7,3.7,0.468,0.49,0.7,0.9,0.765,0.4,1.4,1.7,1.4,0.8,0.2,0.7,1.3,6.3,,mooreet01
302,Quincy Pondexter,25,MEM,SG,15,2,18,2.1,5.3,0.392,0.7,2.3,0.324,1.3,3,0.444,0.462,1.4,1.7,0.808,0.7,1.1,1.7,1.3,0.3,0.1,1,1.2,6.3,,pondequ01
303,Thabo Sefolosha,29,OKC,SG,61,61,26,2.3,5.6,0.415,0.8,2.5,0.316,1.5,3.1,0.495,0.485,0.9,1.1,0.768,0.8,2.8,3.6,1.5,1.3,0.3,0.9,1.5,6.3,,sefolth01
304,Draymond Green,23,GSW,SF,82,12,21.9,2.3,5.6,0.407,0.7,2,0.333,1.6,3.6,0.449,0.467,1,1.5,0.667,1,3.9,5,1.9,1.2,0.9,1.1,2.8,6.2,,greendr01
305,Jon Leuer,24,MEM,PF,49,0,13.1,2.5,5,0.492,0.5,1,0.469,2,4,0.497,0.539,0.8,1,0.787,0.8,2.5,3.2,0.4,0.4,0.3,0.6,1.3,6.2,,leuerjo01
306,Ray McCallum,22,SAC,PG,45,10,19.9,2.5,6.7,0.377,0.5,1.3,0.373,2,5.4,0.378,0.413,0.7,1,0.744,0.4,1.4,1.8,2.7,0.5,0.2,0.9,1.5,6.2,,mccalra01
307,Kyle O'Quinn,23,ORL,C,69,19,17.2,2.7,5.4,0.501,0,0,0,2.7,5.3,0.505,0.501,0.8,1.2,0.687,1.4,3.8,5.3,1.1,0.6,1.3,1.1,2.4,6.2,,oquinky01
308,Jeremy Evans,26,UTA,SF,66,4,18.3,2.7,5,0.527,0,0,0,2.7,5,0.53,0.527,0.8,1.1,0.68,1.8,2.9,4.7,0.7,0.6,0.7,0.6,2.1,6.1,,evansje01
309,Anthony Tolliver,28,CHA,PF,64,9,20.3,2,4.8,0.42,1.6,3.9,0.413,0.4,0.9,0.45,0.586,0.5,0.6,0.805,0.5,2.1,2.6,0.7,0.3,0.2,0.4,1.3,6.1,,tollian01
310,Kent Bazemore,24,2TM,SG,67,15,13.6,2.2,5.1,0.429,0.6,1.9,0.336,1.6,3.2,0.484,0.491,1,1.6,0.606,0.1,1.6,1.7,1.4,0.6,0.2,1.2,1.5,6,,bazemke01
311,Kent Bazemore,24,GSW,SG,44,0,6.1,0.8,2.2,0.371,0.2,0.9,0.256,0.6,1.3,0.448,0.423,0.4,0.8,0.528,0.1,0.8,0.9,0.5,0.3,0.1,0.6,1,2.3,,bazemke01
312,Kent Bazemore,24,LAL,SG,23,15,28,4.8,10.7,0.451,1.4,3.9,0.371,3.4,6.8,0.497,0.518,2,3.2,0.644,0.2,3.1,3.3,3.1,1.3,0.3,2.2,2.6,13.1,,bazemke01
313,Tayshaun Prince,33,MEM,SF,76,76,25.6,2.6,6.5,0.407,0.3,0.9,0.29,2.4,5.6,0.426,0.427,0.4,0.8,0.567,0.4,2.7,3.1,1.6,0.5,0.3,0.5,0.8,6,,princta01
314,Hollis Thompson,22,PHI,SF,77,41,22.6,2.2,4.8,0.46,0.9,2.2,0.401,1.4,2.7,0.507,0.55,0.7,0.9,0.712,0.9,2.3,3.2,0.9,0.7,0.2,0.8,1.9,6,,thompho01
315,Elliot Williams,24,PHI,SG,67,2,17.3,2.1,5,0.415,0.6,1.9,0.296,1.5,3.2,0.486,0.47,1.3,1.8,0.731,0.4,1.5,1.9,1.1,0.5,0,1,1.9,6,,williel01
316,Chris Wright,25,MIL,SF,8,0,15.8,2.6,4.4,0.6,0,0.1,0,2.6,4.3,0.618,0.6,0.8,1.9,0.4,1.3,1.3,2.5,0.6,0.9,0.6,0.6,2.1,6,,wrighch01
317,Cody Zeller,21,CHA,C,82,3,17.3,2.1,4.9,0.426,0,0,0,2.1,4.9,0.427,0.426,1.8,2.4,0.73,1.4,2.9,4.3,1.1,0.5,0.5,1.1,2.1,6,,zelleco01
318,Alexis Ajinça,25,NOP,C,56,30,17,2.4,4.4,0.546,0,0,0,2.4,4.4,0.548,0.546,1,1.2,0.836,1.7,3.3,4.9,0.7,0.4,0.8,1.1,3.3,5.9,,ajincal01
319,Darrell Arthur,25,DEN,SF,68,1,17.1,2.4,6,0.395,0.4,0.9,0.375,2,5.1,0.399,0.424,0.8,0.9,0.855,0.8,2.3,3.1,0.9,0.6,0.7,0.9,2.7,5.9,,arthuda01
320,Kentavious Caldwell-Pope,20,DET,SG,80,41,19.8,2.3,5.8,0.396,0.7,2.3,0.319,1.5,3.4,0.447,0.46,0.6,0.8,0.77,0.5,1.5,2,0.7,0.9,0.2,0.4,1.8,5.9,,caldwke01
321,Ömer Aşık,27,HOU,C,48,19,20.2,2.1,4,0.532,0,0,,2.1,4,0.532,0.532,1.6,2.6,0.619,2.1,5.8,7.9,0.5,0.3,0.8,1.2,1.9,5.8,,asikom01
322,Elton Brand,34,ATL,C,73,15,19.4,2.5,4.5,0.539,0,0,0,2.5,4.5,0.542,0.539,0.8,1.3,0.649,1.3,3.6,4.9,1,0.5,1.2,0.8,2.6,5.7,,brandel01
323,Ed Davis,24,MEM,PF,63,4,15.2,2.5,4.6,0.534,0,0,,2.5,4.6,0.534,0.534,0.7,1.4,0.528,1.5,2.7,4.1,0.4,0.3,0.7,0.6,1.8,5.7,,davised01
324,Francisco García,32,HOU,SF,55,4,19.7,2.1,5.3,0.401,1.3,3.5,0.358,0.9,1.8,0.485,0.519,0.2,0.3,0.526,0.4,1.8,2.2,1.1,0.5,0.6,0.5,2.2,5.7,,garcifr01
325,Andrew Nicholson,24,ORL,PF,76,5,15.4,2.4,5.5,0.429,0.4,1.2,0.315,2,4.4,0.459,0.462,0.6,0.8,0.825,0.7,2.7,3.4,0.3,0.2,0.3,0.7,2,5.7,,nichoan01
326,Tyler Zeller,24,CLE,C,70,9,15,2.2,4.1,0.538,0,0,0,2.2,4.1,0.54,0.538,1.2,1.7,0.719,1.5,2.6,4,0.5,0.3,0.5,0.9,2,5.7,,zellety01
327,Jimmer Fredette,24,2TM,SG,49,0,10.6,2.2,4.6,0.471,0.8,1.7,0.476,1.4,2.9,0.469,0.559,0.4,0.4,0.905,0.2,0.9,1.1,1.3,0.3,0.1,1,0.7,5.6,,fredeji01
328,Jimmer Fredette,24,SAC,SG,41,0,11.3,2.3,4.8,0.475,0.9,1.8,0.493,1.4,3,0.464,0.566,0.4,0.5,0.895,0.2,0.9,1.1,1.5,0.3,0.1,1.1,0.7,5.9,,fredeji01
329,Jimmer Fredette,24,CHI,SG,8,0,7,1.6,3.6,0.448,0.5,1.4,0.364,1.1,2.3,0.5,0.517,0.3,0.3,1,0.1,0.8,0.9,0.4,0,0,0.5,0.9,4,,fredeji01
330,Cartier Martin,29,2TM,SF,59,6,14.7,1.9,4.5,0.42,1,2.6,0.391,0.9,1.9,0.46,0.532,0.8,1.1,0.738,0.2,1.6,1.9,0.6,0.5,0.1,0.6,1.2,5.6,,martica01
331,Cartier Martin,29,ATL,SF,53,6,15.5,2,4.8,0.414,1.1,2.8,0.384,0.9,2.1,0.455,0.523,0.9,1.2,0.754,0.2,1.8,2,0.6,0.5,0.1,0.6,1.3,5.9,,martica01
332,Cartier Martin,29,CHI,SF,6,0,8,0.8,1.3,0.625,0.5,0.8,0.6,0.3,0.5,0.667,0.813,0.3,0.7,0.5,0.2,0.7,0.8,0.3,0.2,0,0.2,0.5,2.5,,martica01
333,Shawne Williams,27,LAL,PF,36,13,20.9,2,5.3,0.38,1.2,3.6,0.326,0.9,1.8,0.492,0.49,0.4,0.6,0.7,0.7,3.9,4.6,0.8,0.5,0.8,0.6,2.6,5.6,,willish03
334,Donatas Motiejūnas,23,HOU,PF,62,3,15.4,2.1,4.8,0.443,0.3,1.4,0.25,1.8,3.4,0.519,0.478,0.9,1.5,0.604,1,2.7,3.6,0.5,0.3,0.3,0.8,2.1,5.5,,motiedo01
335,Travis Outlaw,29,SAC,SF,63,4,16.9,2.1,5.2,0.399,0.7,1.9,0.35,1.4,3.3,0.426,0.462,0.7,0.8,0.808,0.6,2.1,2.7,0.8,0.3,0.3,0.4,1.5,5.4,,outlatr01
336,Robert Sacre,24,LAL,C,65,13,16.8,2.2,4.6,0.477,0,0,,2.2,4.6,0.477,0.477,1,1.4,0.681,1.3,2.6,3.9,0.8,0.4,0.7,0.7,2.1,5.4,,sacrero01
337,CJ McCollum,22,POR,SG,38,0,12.5,1.9,4.7,0.416,0.8,2.1,0.375,1.2,2.6,0.449,0.5,0.6,0.9,0.676,0.2,1.1,1.3,0.7,0.4,0.1,0.9,1.4,5.3,,mccolcj01
338,Casper Ware,24,PHI,PG,9,0,12.9,2,4.7,0.429,0.8,2.3,0.333,1.2,2.3,0.524,0.512,0.6,0.7,0.833,0,1,1,1.1,0.9,0,0.6,1.2,5.3,,wareca01
339,John Salmons,34,2TM,SF,78,8,22.1,1.9,5.3,0.363,0.8,2.1,0.387,1.1,3.2,0.348,0.439,0.5,0.7,0.769,0.3,1.8,2.1,1.9,0.6,0.2,0.7,1.6,5.2,,salmojo01
340,John Salmons,34,SAC,SF,18,8,24.7,2.3,6.5,0.35,0.9,2.3,0.381,1.4,4.2,0.333,0.419,0.4,0.4,1,0.4,2.1,2.6,2.4,0.7,0.4,0.8,1.8,5.8,,salmojo01
341,John Salmons,34,TOR,SG,60,0,21.4,1.8,4.9,0.368,0.8,2,0.388,1,2.9,0.354,0.448,0.6,0.8,0.733,0.2,1.8,2,1.7,0.6,0.2,0.7,1.5,5,,salmojo01
342,Derek Fisher,39,OKC,SG,81,0,17.6,1.7,4.5,0.391,1.1,2.8,0.384,0.7,1.6,0.402,0.512,0.7,0.9,0.775,0.1,1.4,1.5,1.4,0.9,0,0.6,1.9,5.2,,fishede01
343,Ben Gordon,30,CHA,SG,19,0,14.7,1.9,5.7,0.343,0.4,1.5,0.276,1.5,4.2,0.367,0.38,0.9,1.1,0.81,0.2,1.3,1.4,1.1,0.5,0.1,1.1,0.9,5.2,,gordobe01
344,Gerald Wallace,31,BOS,SF,58,16,24.4,2,4,0.504,0.3,1.1,0.297,1.7,2.9,0.584,0.546,0.8,1.7,0.465,0.6,3,3.7,2.5,1.3,0.2,1.7,1.4,5.1,,wallage01
345,Luke Ridnour,32,2TM,PG,61,14,18.7,2.1,5.4,0.385,0.6,1.8,0.343,1.5,3.6,0.406,0.442,0.3,0.4,0.654,0.4,1.2,1.6,2.9,0.5,0.1,1.1,1.5,5,,ridnolu01
346,Luke Ridnour,32,MIL,PG,36,12,21.2,2.3,6.1,0.384,0.7,1.9,0.368,1.6,4.2,0.391,0.441,0.4,0.5,0.684,0.4,1.3,1.7,3.4,0.6,0.1,1.3,1.5,5.7,,ridnolu01
347,Luke Ridnour,32,CHA,PG,25,2,15.1,1.7,4.3,0.389,0.5,1.6,0.3,1.2,2.7,0.441,0.444,0.2,0.3,0.571,0.3,1.1,1.4,2.2,0.4,0.2,0.8,1.5,4,,ridnolu01
348,Willie Green,32,LAC,SG,55,9,15.8,1.9,4.9,0.376,0.7,2.2,0.339,1.1,2.7,0.407,0.452,0.5,0.6,0.824,0.2,1.2,1.4,0.9,0.4,0.2,0.6,1.7,5,,greenwi01
349,Cory Joseph,22,SAS,SG,68,19,13.8,1.9,3.9,0.475,0.2,0.6,0.316,1.7,3.3,0.502,0.498,1.2,1.4,0.823,0.5,1.1,1.6,1.7,0.5,0.2,0.6,1.2,5,,josepco01
350,Andrei Kirilenko,32,BRK,PF,45,4,19,1.8,3.6,0.513,0,0.1,0.2,1.8,3.4,0.523,0.516,1.4,2.6,0.513,1.2,2,3.2,1.6,0.9,0.4,1.2,1.4,5,,kirilan01
351,Dorell Wright,28,POR,SF,68,13,14.5,1.6,4.4,0.374,1,3,0.342,0.6,1.4,0.442,0.49,0.8,1,0.754,0.4,2.4,2.8,0.9,0.3,0.2,0.6,0.9,5,,wrighdo01
352,Andre Miller,37,2TM,SG,58,2,16.9,1.8,4,0.459,0.2,0.4,0.524,1.6,3.6,0.452,0.483,1,1.3,0.779,0.5,1.8,2.2,3.4,0.6,0.2,1.1,1.3,4.9,,millean02
353,Andre Miller,37,DEN,SG,30,2,19,2.2,4.8,0.458,0.3,0.6,0.5,1.9,4.2,0.452,0.49,1.2,1.6,0.745,0.5,1.9,2.4,3.3,0.5,0.2,1.1,1.1,5.9,,millean02
354,Andre Miller,37,WAS,SG,28,0,14.7,1.4,3.1,0.46,0.1,0.1,0.667,1.4,3,0.452,0.471,0.9,1.1,0.833,0.4,1.6,2,3.5,0.7,0.1,1,1.5,3.8,,millean02
355,Beno Udrih,31,2TM,SG,41,12,15.7,1.9,4.3,0.438,0.5,1,0.452,1.4,3.3,0.434,0.492,0.6,0.7,0.833,0.2,1.2,1.4,2.8,0.6,0.1,1.1,1.2,4.9,,udrihbe01
356,Beno Udrih,31,NYK,SG,31,12,19,2.2,5.2,0.425,0.5,1.3,0.425,1.6,3.9,0.425,0.478,0.6,0.8,0.833,0.3,1.5,1.8,3.5,0.7,0.1,1.4,1.5,5.6,,udrihbe01
357,Beno Udrih,31,MEM,SG,10,0,5.5,1,1.8,0.556,0.2,0.2,1,0.8,1.6,0.5,0.611,0.5,0.6,0.833,0,0.2,0.2,0.6,0.1,0.1,0.5,0.4,2.7,,udrihbe01
358,Nick Calathes,24,MEM,SG,71,7,16.5,2,4.4,0.457,0.3,0.9,0.311,1.7,3.5,0.492,0.487,0.6,1,0.611,0.3,1.6,1.9,2.9,0.9,0.1,1.4,1.6,4.9,ROY-7,calatni01
359,Tyler Hansbrough,28,TOR,PF,64,4,15.3,1.5,3.1,0.474,0,0,0,1.5,3,0.479,0.474,2,2.9,0.681,1.9,2.6,4.5,0.3,0.4,0.3,0.7,2.1,4.9,,hansbty01
360,James Jones,33,MIA,SF,20,6,11.8,1.6,3.4,0.456,1.4,2.7,0.519,0.2,0.7,0.214,0.662,0.4,0.6,0.636,0.1,1.1,1.2,0.5,0.2,0.2,0.2,0.3,4.9,,jonesja02
361,Quincy Miller,21,DEN,PF,52,16,15.2,1.8,4.9,0.367,0.6,1.8,0.319,1.2,3.1,0.395,0.426,0.8,1.1,0.709,0.7,2.1,2.8,0.5,0.4,0.6,0.9,1.3,4.9,,millequ01
362,Earl Clark,26,2TM,PF,54,17,14.2,1.8,4.8,0.372,0.8,2.3,0.336,1,2.6,0.403,0.45,0.4,0.6,0.647,0.4,2.2,2.6,0.3,0.3,0.5,0.6,1.2,4.8,,clarkea01
363,Earl Clark,26,CLE,PF,45,17,15.5,2,5.3,0.375,0.9,2.6,0.345,1.1,2.8,0.403,0.458,0.3,0.5,0.583,0.4,2.4,2.8,0.4,0.4,0.4,0.7,1.4,5.2,,clarkea01
364,Earl Clark,26,NYK,PF,9,0,7.8,0.8,2.3,0.333,0.1,0.7,0.167,0.7,1.7,0.4,0.357,0.9,1.1,0.8,0.2,1.6,1.8,0.2,0.1,0.7,0.1,0.7,2.6,,clarkea01
365,Gorgui Dieng,24,MIN,C,60,15,13.6,1.9,3.8,0.498,0,0,1,1.9,3.8,0.496,0.5,1,1.6,0.634,1.7,3.3,5,0.7,0.5,0.8,0.9,1.8,4.8,ROY-6,dienggo01
366,Anthony Randolph,24,DEN,PF,43,5,12.3,1.6,4.1,0.386,0.4,1.4,0.295,1.2,2.7,0.435,0.438,1.2,1.6,0.754,0.5,2.4,2.8,0.7,0.6,0.4,0.9,1.5,4.8,,randoan01
367,Thomas Robinson,22,POR,PF,70,0,12.5,2,4.2,0.481,0,0,0,2,4.2,0.483,0.481,0.8,1.4,0.564,1.5,2.9,4.4,0.5,0.3,0.3,0.8,1.9,4.8,,robinth01
368,Ronny Turiaf,31,MIN,C,31,10,19.5,2.1,3.5,0.598,0,0,,2.1,3.5,0.598,0.598,0.7,1.6,0.42,1.8,3.8,5.6,0.8,0.3,1.6,0.8,2.1,4.8,,turiaro01
369,Metta World Peace,34,NYK,SF,29,1,13.4,1.9,4.9,0.397,0.6,1.9,0.315,1.3,3,0.448,0.457,0.3,0.6,0.625,0.6,1.4,2,0.6,0.8,0.3,0.7,1.5,4.8,,artesro01
370,Lavoy Allen,24,2TM,PF,65,2,16.5,2.1,4.6,0.447,0,0.2,0.154,2,4.4,0.46,0.45,0.5,0.8,0.66,1.8,3,4.8,1.1,0.4,0.5,0.7,1.9,4.7,,allenla01
371,Lavoy Allen,24,PHI,PF,51,2,18.8,2.3,5.2,0.44,0,0.3,0.154,2.3,5,0.455,0.444,0.5,0.8,0.675,2.1,3.4,5.4,1.3,0.4,0.5,0.8,2.3,5.2,,allenla01
372,Lavoy Allen,24,IND,PF,14,0,8,1.2,2.4,0.5,0,0,,1.2,2.4,0.5,0.5,0.4,0.7,0.6,0.9,1.5,2.4,0.4,0.1,0.4,0.3,0.8,2.9,,allenla01
373,Matthew Dellavedova,23,CLE,SG,72,4,17.7,1.7,4.1,0.412,0.8,2.2,0.368,0.9,2,0.461,0.508,0.5,0.7,0.792,0.4,1.3,1.7,2.6,0.5,0.1,0.8,1.7,4.7,,dellama01
374,Jannero Pargo,34,CHA,PG,29,0,8.3,1.8,4.1,0.441,0.8,2.1,0.4,1,2,0.483,0.542,0.3,0.4,0.727,0,0.7,0.7,1.8,0.5,0,0.9,0.6,4.7,,pargoja01
375,Kevin Séraphin,24,WAS,C,53,1,10.9,2.1,4.2,0.505,0,0,,2.1,4.2,0.505,0.505,0.5,0.6,0.871,1,1.4,2.4,0.3,0.1,0.5,0.8,1.9,4.7,,serapke01
376,Isaiah Canaan,22,HOU,PG,22,0,11.5,1.4,4,0.356,0.8,2.5,0.327,0.6,1.5,0.406,0.46,1,1.3,0.724,0.3,0.8,1.1,1,0.4,0.2,1,1.1,4.6,,canaais01
377,Jae Crowder,23,DAL,SF,78,8,16.1,1.7,3.8,0.439,0.6,1.9,0.331,1,1.9,0.552,0.524,0.6,0.8,0.754,0.6,1.9,2.5,0.8,0.8,0.3,0.5,1.3,4.6,,crowdja01
378,Charlie Villanueva,29,DET,PF,20,0,9,1.8,4.6,0.38,0.7,2.8,0.25,1.1,1.8,0.583,0.457,0.4,0.7,0.571,0.3,1.4,1.7,0.3,0.2,0.3,0.4,0.8,4.6,,villach01
379,MarShon Brooks,25,3TM,SG,35,0,9,1.6,3.6,0.456,0.4,0.7,0.52,1.3,2.9,0.44,0.508,0.9,1.3,0.727,0.3,1.3,1.5,0.7,0.4,0.1,0.7,0.6,4.5,,brookma01
380,MarShon Brooks,25,BOS,SG,10,0,7.3,0.9,2.4,0.375,0.2,0.4,0.5,0.7,2,0.35,0.417,1.1,1.4,0.786,0.1,1.8,1.9,0.4,0.1,0.1,0.7,0.5,3.1,,brookma01
381,MarShon Brooks,25,GSW,SG,7,0,2.1,0.7,1.9,0.385,0,0.3,0,0.7,1.6,0.455,0.385,0.4,0.6,0.75,0.1,0.6,0.7,0,0.1,0,0,0,1.9,,brookma01
382,MarShon Brooks,25,LAL,SG,18,0,12.7,2.4,4.9,0.489,0.6,1.1,0.579,1.8,3.8,0.464,0.551,1,1.4,0.692,0.4,1.2,1.7,1.2,0.7,0.2,0.9,0.9,6.4,,brookma01
383,Rashard Lewis,34,MIA,SF,60,6,16.2,1.6,3.9,0.415,0.8,2.2,0.343,0.9,1.7,0.51,0.513,0.4,0.6,0.788,0.4,1.4,1.8,1,0.9,0.1,0.6,1.5,4.5,,lewisra02
384,Tony Snell,22,CHI,SG,77,12,16,1.7,4.4,0.384,0.7,2.3,0.32,0.9,2.1,0.456,0.469,0.4,0.5,0.756,0.2,1.4,1.6,0.9,0.4,0.2,0.6,1.1,4.5,,snellto01
385,Jason Terry,36,BRK,PG,35,0,16.3,1.6,4.3,0.362,1.1,2.9,0.379,0.5,1.4,0.327,0.49,0.3,0.4,0.667,0.1,0.9,1.1,1.6,0.4,0,0.8,1.4,4.5,,terryja01
386,Vítor Luiz Faverani,25,BOS,C,37,8,13.2,1.7,4,0.435,0.3,1.1,0.3,1.4,2.9,0.486,0.476,0.6,1,0.649,1.1,2.3,3.5,0.4,0.4,0.7,1.1,2,4.4,,favervi01
387,Darius Miller,23,NOP,SF,45,7,16.1,1.6,3.7,0.44,0.6,1.7,0.325,1.1,2,0.539,0.515,0.6,0.8,0.806,0.2,1,1.2,1,0.5,0.2,0.5,2,4.4,,milleda01
388,Gustavo Ayón,28,ATL,C,26,14,16.5,2,3.9,0.51,0,0,,2,3.9,0.51,0.51,0.3,0.8,0.4,1.6,3.2,4.8,1.1,1,0.4,1.1,1.8,4.3,,ayongu01
389,Kenyon Martin,36,NYK,PF,32,15,19.8,2,3.8,0.512,0,0,0,2,3.8,0.516,0.512,0.3,0.6,0.579,1.1,3.1,4.2,1.6,0.8,0.8,0.8,2.7,4.3,,martike01
390,Byron Mullens,24,2TM,C,45,0,9.2,1.6,3.7,0.442,0.7,2,0.371,0.9,1.7,0.526,0.542,0.2,0.4,0.5,0.5,1.5,2,0.3,0.3,0.2,0.6,1.4,4.2,,mulleby01
391,Byron Mullens,24,LAC,C,27,0,6.2,1,2.4,0.406,0.5,1.4,0.333,0.5,0.9,0.52,0.508,0.1,0.2,0.333,0.3,0.9,1.2,0.2,0.2,0.1,0.5,1.2,2.5,,mulleby01
392,Byron Mullens,24,PHI,C,18,0,13.7,2.6,5.6,0.465,1.1,2.8,0.4,1.5,2.8,0.529,0.564,0.4,0.8,0.571,0.9,2.4,3.3,0.4,0.5,0.4,0.8,1.7,6.8,,mulleby01
393,Anthony Bennett,20,CLE,PF,52,0,12.8,1.5,4.3,0.356,0.3,1,0.245,1.3,3.3,0.39,0.384,0.8,1.3,0.638,0.9,2,3,0.3,0.4,0.2,0.9,1.8,4.2,,bennean01
394,Nick Collison,33,OKC,PF,81,0,16.7,1.7,3,0.556,0,0.2,0.235,1.6,2.8,0.58,0.564,0.8,1.1,0.71,1.4,2.2,3.6,1.3,0.4,0.3,0.9,2.3,4.2,,collini01
395,Mike Harris,30,UTA,PF,20,0,11.3,1.5,3.1,0.475,0,0.1,0,1.5,3,0.492,0.475,1.3,1.4,0.963,0.8,0.9,1.7,0.3,0.8,0.4,0.6,1.8,4.2,,harrimi01
396,Jonas Jerebko,26,DET,PF,64,0,11.6,1.5,3.3,0.471,0.5,1.2,0.419,1,2.1,0.5,0.546,0.7,0.9,0.729,0.8,1.9,2.7,0.6,0.3,0.1,0.7,1.3,4.2,,jerebjo01
397,Carl Landry,30,SAC,PF,18,1,12.9,1.7,3.3,0.517,0,0,,1.7,3.3,0.517,0.517,0.8,0.9,0.824,0.8,2.3,3.2,0.3,0.2,0.1,0.5,1.9,4.2,,landrca01
398,Jarvis Varnado,25,2TM,PF,24,0,14.1,1.5,2.5,0.6,0,0,,1.5,2.5,0.6,0.6,1.1,2.2,0.519,0.8,1.8,2.6,0.5,0.4,1.2,0.4,2.6,4.1,,varnaja01
399,Jarvis Varnado,25,CHI,PF,1,0,2,0,0,,0,0,,0,0,,,0,0,,0,0,0,0,0,0,0,1,0,,varnaja01
400,Jarvis Varnado,25,PHI,PF,23,0,14.7,1.6,2.6,0.6,0,0,,1.6,2.6,0.6,0.6,1.2,2.3,0.519,0.8,1.9,2.7,0.6,0.4,1.3,0.4,2.7,4.3,,varnaja01
401,Shane Battier,35,MIA,SF,73,56,20.1,1.4,3.8,0.382,1,2.9,0.348,0.4,0.9,0.492,0.515,0.2,0.3,0.652,0.5,1.4,1.9,0.9,0.7,0.5,0.3,1.7,4.1,,battish01
402,Jorge Gutiérrez,25,BRK,PG,15,2,16.3,1.7,3.6,0.463,0.2,0.8,0.25,1.5,2.8,0.524,0.491,0.6,0.8,0.75,0.2,1.3,1.5,2,0.7,0.1,0.9,2.5,4.1,,gutiejo01
403,Darius Morris,23,3TM,PG,27,0,11.6,1.4,3.6,0.406,0.4,1.4,0.316,1,2.1,0.466,0.469,0.6,1,0.654,0.3,0.7,1,1.6,0.5,0,1,1.2,4,,morrida01
404,Darius Morris,23,PHI,PG,12,0,16.1,2.4,5.6,0.433,0.8,2,0.417,1.6,3.6,0.442,0.507,1.3,1.8,0.714,0.3,0.8,1.1,2.6,0.7,0,1.6,1.8,6.9,,morrida01
405,Darius Morris,23,LAC,PG,10,0,5.4,0.4,1.3,0.308,0,0.7,0,0.4,0.6,0.667,0.308,0.1,0.2,0.5,0,0.5,0.5,0.5,0.2,0,0.2,0.9,0.9,,morrida01
406,Darius Morris,23,MEM,PG,5,0,13.2,1.2,3.2,0.375,0.4,1.4,0.286,0.8,1.8,0.444,0.438,0.2,0.6,0.333,0.8,0.8,1.6,1.6,0.6,0,1.2,0.6,3,,morrida01
407,Reggie Evans,33,2TM,PF,54,20,16.6,1.3,2.8,0.473,0,0,,1.3,2.8,0.473,0.473,1.3,2.4,0.554,2.1,4.1,6.2,0.4,0.7,0.1,1.1,2.2,4,,evansre01
408,Reggie Evans,33,BRK,PF,30,6,13.3,0.8,2,0.39,0,0,,0.8,2,0.39,0.39,1.2,2.2,0.538,1.8,3.2,5,0.2,0.4,0.1,0.9,1.8,2.7,,evansre01
409,Reggie Evans,33,SAC,PF,24,14,20.8,2,3.8,0.527,0,0,,2,3.8,0.527,0.527,1.5,2.7,0.569,2.6,5.1,7.7,0.7,1,0,1.3,2.7,5.5,,evansre01
410,Toney Douglas,27,2TM,PG,51,17,13.2,1.4,3.7,0.384,0.6,2,0.304,0.8,1.7,0.477,0.466,0.5,0.7,0.735,0.4,1.4,1.7,1.3,0.4,0.1,0.7,1.6,4,,douglto01
411,Toney Douglas,27,GSW,PG,24,0,11,1.3,3.6,0.372,0.8,2.5,0.322,0.5,1.1,0.481,0.483,0.2,0.3,0.625,0.2,0.9,1.1,0.8,0.3,0.1,0.7,1.4,3.7,,douglto01
412,Toney Douglas,27,MIA,PG,27,17,15.2,1.5,3.9,0.394,0.4,1.6,0.279,1.1,2.3,0.475,0.452,0.7,1,0.769,0.5,1.7,2.3,1.8,0.5,0.1,0.7,1.7,4.2,,douglto01
413,Will Barton,23,POR,SG,41,0,9.4,1.6,3.8,0.417,0.2,0.8,0.303,1.3,3,0.447,0.449,0.6,0.8,0.813,0.4,1.4,1.8,0.8,0.2,0.2,0.4,0.8,4,,bartowi01
414,Alonzo Gee,26,CLE,SF,65,24,15.7,1.5,3.6,0.415,0.3,0.9,0.328,1.2,2.7,0.444,0.456,0.7,0.9,0.705,0.5,1.8,2.3,0.7,0.6,0.2,0.7,1.5,4,,geeal01
415,Josh Powell,31,HOU,PF,1,0,19,2,6,0.333,0,0,,2,6,0.333,0.333,0,0,,0,5,5,0,0,1,1,1,4,,poweljo01
416,Alexey Shved,25,MIN,SG,63,0,10.5,1.2,3.8,0.321,0.5,1.6,0.294,0.7,2.1,0.341,0.384,1.1,1.4,0.756,0.3,1,1.3,1.1,0.4,0.3,0.8,0.6,4,,shvedal01
417,Shabazz Muhammad,21,MIN,SG,37,0,7.8,1.5,3.4,0.46,0.1,0.3,0.273,1.5,3.1,0.478,0.472,0.7,1.1,0.65,0.6,0.8,1.4,0.2,0.2,0,0.4,0.6,3.9,,muhamsh01
418,Tyshawn Taylor,23,BRK,PG,23,3,11.7,1.3,4,0.341,0.1,0.5,0.25,1.2,3.4,0.354,0.357,1,1.3,0.8,0.1,0.5,0.7,1.6,0.5,0,1.3,1.3,3.9,,tayloty01
419,Nando De Colo,26,2TM,SF,47,3,10.5,1.4,3.3,0.418,0.4,1.1,0.34,1,2.1,0.46,0.477,0.7,0.7,0.886,0.3,1.3,1.6,1.4,0.5,0.1,0.7,1,3.8,,decolna01
420,Nando De Colo,26,SAS,SF,26,3,11.6,1.6,3.6,0.452,0.4,1.2,0.323,1.2,2.4,0.516,0.505,0.7,0.8,0.818,0.2,1.5,1.7,1.2,0.6,0.1,0.8,1,4.3,,decolna01
421,Nando De Colo,26,TOR,SF,21,0,9.2,1,2.9,0.367,0.4,1,0.364,0.7,1.8,0.368,0.433,0.6,0.6,1,0.4,1,1.3,1.6,0.3,0.1,0.7,1.1,3.1,,decolna01
422,Chauncey Billups,37,DET,SG,19,7,16.3,1.3,4.2,0.304,0.7,2.5,0.292,0.5,1.6,0.323,0.392,0.5,0.6,0.833,0.2,1.3,1.5,2.2,0.4,0.1,1.3,1.3,3.8,,billuch01
423,Udonis Haslem,33,MIA,PF,46,18,14.2,1.6,3.2,0.507,0,0,,1.6,3.2,0.507,0.507,0.5,1,0.568,0.9,2.9,3.8,0.3,0.2,0.3,0.5,1.7,3.8,,hasleud01
424,Antawn Jamison,37,LAC,PF,22,0,11.3,1.3,4.2,0.315,0.4,1.9,0.195,1,2.3,0.412,0.359,0.8,1.1,0.72,0.4,2.1,2.5,0.3,0.4,0.1,0.3,1.3,3.8,,jamisan01
425,John Lucas III,31,UTA,PG,42,6,14.1,1.5,4.5,0.326,0.6,2,0.298,0.9,2.5,0.349,0.392,0.2,0.4,0.625,0.3,0.6,0.9,1,0.3,0,0.5,1,3.8,,lucasjo02
426,Mike Muscala,22,ATL,PF,20,0,10.8,1.6,3.7,0.425,0,0.2,0,1.6,3.5,0.443,0.425,0.7,0.7,1,0.9,1.8,2.6,0.4,0.2,0.5,0.6,1.5,3.8,,muscami01
427,Pablo Prigioni,36,NYK,PG,66,27,19.4,1.3,2.9,0.461,1,2.1,0.464,0.3,0.8,0.451,0.631,0.2,0.2,0.917,0.5,1.4,2,3.5,1,0,0.9,2,3.8,,prigipa01
428,Miroslav Raduljica,26,MIL,C,48,2,9.7,1.4,2.6,0.54,0,0,,1.4,2.6,0.54,0.54,0.9,1.1,0.818,1.1,1.1,2.3,0.5,0.1,0.3,0.6,1.8,3.8,,radulmi01
429,Chris Copeland,29,IND,SF,41,0,6.5,1.3,2.9,0.47,0.8,1.9,0.418,0.5,0.9,0.579,0.611,0.2,0.3,0.714,0.2,0.6,0.8,0.4,0.1,0.2,0.3,0.9,3.7,,copelch01
430,Archie Goodwin,19,PHO,SG,52,0,10.3,1.5,3.2,0.455,0.1,0.7,0.139,1.4,2.5,0.542,0.47,0.7,1.1,0.673,0.5,1.2,1.7,0.4,0.4,0.2,0.8,0.9,3.7,,goodwar01
431,Dennis Schröder,20,ATL,PG,49,0,13.1,1.5,3.8,0.383,0.2,0.9,0.238,1.3,3,0.425,0.41,0.6,0.9,0.674,0.1,1.1,1.2,1.9,0.3,0,1.2,1.1,3.7,,schrode01
432,Ish Smith,25,PHO,PG,70,1,14.4,1.7,4,0.423,0,0.3,0.043,1.7,3.7,0.457,0.425,0.3,0.6,0.564,0.4,1.4,1.8,2.6,0.7,0.2,0.9,0.9,3.7,,smithis01
433,Reggie Williams,27,OKC,SF,3,0,5.7,1.7,3,0.556,0.3,1,0.333,1.3,2,0.667,0.611,0,0,,0,0,0,0.3,0.3,0,0.7,0.3,3.7,,willire02
434,Jan Veselý,23,2TM,PF,54,1,14.4,1.6,3.2,0.514,0,0,,1.6,3.2,0.514,0.514,0.4,1,0.339,1.5,2,3.5,0.4,1,0.6,0.7,2.2,3.6,,veselja01
435,Jan Veselý,23,WAS,PF,33,1,14.2,1.5,2.8,0.522,0,0,,1.5,2.8,0.522,0.522,0.2,0.9,0.267,1.6,1.8,3.4,0.3,0.8,0.6,0.7,1.9,3.2,,veselja01
436,Jan Veselý,23,DEN,PF,21,0,14.6,2,3.9,0.506,0,0,,2,3.9,0.506,0.506,0.5,1.2,0.423,1.3,2.4,3.7,0.5,1.3,0.8,0.7,2.7,4.4,,veselja01
437,Doron Lamb,22,ORL,SG,53,0,13.1,1.2,3,0.394,0.7,1.7,0.4,0.5,1.3,0.386,0.506,0.5,0.7,0.806,0.2,0.8,0.9,0.8,0.2,0,0.5,1,3.6,,lambdo01
438,Jeremy Tyler,22,NYK,C,41,0,9.7,1.5,2.8,0.517,0,0,,1.5,2.8,0.517,0.517,0.6,1.2,0.542,0.9,1.7,2.7,0.2,0.1,0.5,0.6,1.7,3.6,,tylerje01
439,James Southerland,23,2TM,SF,4,0,7.5,1.3,3.8,0.333,0.8,1.5,0.5,0.5,2.3,0.222,0.433,0.3,0.5,0.5,0,2,2,0,0.3,0.5,0.3,0.8,3.5,,southja01
440,James Southerland,23,CHA,SF,1,0,3,0,3,0,0,1,0,0,2,0,0,0,0,,0,0,0,0,0,0,0,0,0,,southja01
441,James Southerland,23,NOP,SF,3,0,9,1.7,4,0.417,1,1.7,0.6,0.7,2.3,0.286,0.542,0.3,0.7,0.5,0,2.7,2.7,0,0.3,0.7,0.3,1,4.7,,southja01
442,Luc Mbah a Moute,27,2TM,PF,64,7,15.7,1.4,3,0.451,0.1,0.3,0.235,1.3,2.8,0.472,0.461,0.7,1,0.687,0.9,1.4,2.3,0.6,0.5,0.2,0.6,1.1,3.5,,mbahalu01
443,Luc Mbah a Moute,27,SAC,SF,9,5,21.8,1.7,3.6,0.469,0.1,0.3,0.333,1.6,3.2,0.483,0.484,1,1.4,0.692,1,2,3,1.7,1,0.6,0.4,2,4.4,,mbahalu01
444,Luc Mbah a Moute,27,MIN,PF,55,2,14.7,1.3,2.9,0.447,0.1,0.3,0.214,1.3,2.7,0.469,0.457,0.7,1,0.685,0.9,1.3,2.2,0.4,0.4,0.2,0.7,0.9,3.3,,mbahalu01
445,Diante Garrett,25,UTA,PG,71,0,14.8,1.4,3.7,0.381,0.5,1.4,0.375,0.9,2.4,0.385,0.449,0.1,0.2,0.833,0.2,1.2,1.4,1.7,0.6,0.1,1.1,1.1,3.5,,garredi02
446,Perry Jones,22,OKC,PF,62,7,12.3,1.3,2.9,0.459,0.4,1,0.361,1,1.9,0.508,0.519,0.5,0.7,0.667,0.5,1.4,1.8,0.4,0.2,0.3,0.3,1,3.5,,jonespe01
447,Ian Mahinmi,27,IND,C,77,1,16.2,1.2,2.5,0.481,0,0,0,1.2,2.4,0.484,0.481,1.2,1.9,0.621,1.4,1.9,3.3,0.3,0.5,0.9,0.8,2.7,3.5,,mahinia01
448,Greg Smith,23,HOU,C,11,0,9.1,1.6,2.5,0.643,0,0,,1.6,2.5,0.643,0.643,0.2,0.5,0.4,1,1.5,2.5,0,0.1,0.2,0.5,1.5,3.5,,smithgr02
449,James Nunnally,23,2TM,SF,13,0,12.7,1.2,3.5,0.326,0.6,1.9,0.32,0.5,1.6,0.333,0.413,0.5,0.7,0.667,0.1,1.4,1.5,0.6,0.5,0.2,0.5,0.8,3.4,,nunnaja01
450,James Nunnally,23,ATL,SF,4,0,13.5,1.5,4.5,0.333,0.8,2.5,0.3,0.8,2,0.375,0.417,0.8,1,0.75,0.3,1.8,2,0.5,0.3,0.3,1,0.5,4.5,,nunnaja01
451,James Nunnally,23,PHI,SF,9,0,12.3,1,3.1,0.321,0.6,1.7,0.333,0.4,1.4,0.308,0.411,0.3,0.6,0.6,0,1.2,1.2,0.7,0.6,0.1,0.3,1,2.9,,nunnaja01
452,Robbie Hummel,24,MIN,SF,53,5,12.4,1.3,3.3,0.379,0.6,1.7,0.36,0.7,1.7,0.398,0.469,0.3,0.3,0.938,0.7,1.8,2.5,0.4,0.3,0,0.2,1.1,3.4,,hummero01
453,Kendrick Perkins,29,OKC,C,62,62,19.5,1.4,3.1,0.451,0,0,0,1.4,3.1,0.453,0.451,0.6,1.1,0.552,1.3,3.6,4.9,1.1,0.4,0.5,1.5,2.9,3.4,,perkike01
454,Ekpe Udoh,26,MIL,PF,42,14,19.1,1.4,3.4,0.399,0,0,,1.4,3.4,0.399,0.399,0.7,1.1,0.638,1.5,2.1,3.5,0.7,0.4,1,0.9,2.3,3.4,,udohek01
455,Justin Hamilton,23,2TM,C,8,0,9,1.1,2.5,0.45,0.4,1.1,0.333,0.8,1.4,0.545,0.525,0.6,0.6,1,0.5,0.4,0.9,0,0.6,0,0.5,1,3.3,,hamilju01
456,Justin Hamilton,23,CHA,C,1,0,4,0,0,,0,0,,0,0,,,0,0,,0,0,0,0,1,0,1,0,0,,hamilju01
457,Justin Hamilton,23,MIA,C,7,0,9.7,1.3,2.9,0.45,0.4,1.3,0.333,0.9,1.6,0.545,0.525,0.7,0.7,1,0.6,0.4,1,0,0.6,0,0.4,1.1,3.7,,hamilju01
458,Steven Adams,20,OKC,C,81,20,14.8,1.1,2.3,0.503,0,0,,1.1,2.3,0.503,0.503,1,1.7,0.581,1.8,2.3,4.1,0.5,0.5,0.7,0.9,2.5,3.3,ROY-7,adamsst01
459,Jeff Ayres,26,SAS,PF,73,10,13,1.4,2.4,0.58,0,0,,1.4,2.4,0.58,0.58,0.5,0.8,0.691,1.2,2.3,3.5,0.8,0.2,0.3,0.9,2,3.3,,pendeje02
460,Joel Freeland,26,POR,C,52,0,14,1.5,3.1,0.475,0,0,0,1.5,3.1,0.481,0.475,0.4,0.6,0.69,1.7,2.3,4,0.7,0.2,0.4,0.6,1.8,3.3,,freeljo01
461,Steve Novak,30,TOR,PF,54,1,10,1.1,2.7,0.411,1,2.3,0.426,0.1,0.4,0.333,0.589,0.1,0.1,1,0.1,0.9,1.1,0.2,0.2,0.1,0.1,0.8,3.3,,novakst01
462,Jeff Withey,23,NOP,C,58,4,11.8,1.2,2.2,0.535,0,0,0,1.2,2.2,0.539,0.535,0.9,1.3,0.712,0.8,1.7,2.6,0.4,0.3,0.9,0.3,1.3,3.3,,witheje01
463,Matt Bonner,33,SAS,PF,61,0,11.3,1.2,2.7,0.445,0.7,1.6,0.429,0.5,1.1,0.47,0.573,0.1,0.2,0.75,0.3,1.9,2.1,0.5,0.2,0.2,0.3,0.8,3.2,,bonnema01
464,Wayne Ellington,26,DAL,SG,45,1,8.7,1.2,2.8,0.437,0.6,1.3,0.424,0.7,1.5,0.448,0.536,0.2,0.2,0.909,0.2,0.8,1,0.4,0.4,0,0.2,0.7,3.2,,ellinwa01
465,Jason Maxiell,30,ORL,PF,34,13,14.4,1.4,3.1,0.448,0,0,,1.4,3.1,0.448,0.448,0.4,0.9,0.484,0.8,1.7,2.5,0.3,0.2,0.6,0.4,1.4,3.2,,maxieja01
466,Dewayne Dedmon,24,3TM,C,31,6,12.6,1.2,2.7,0.458,0,0,,1.2,2.7,0.458,0.458,0.7,1,0.656,1.2,2.9,4.1,0.2,0.2,0.7,0.6,2.1,3.1,,dedmode01
467,Dewayne Dedmon,24,GSW,C,4,0,1.5,0,0.3,0,0,0,,0,0.3,0,0,0.3,0.5,0.5,0,0,0,0,0,0,0,0.3,0.3,,dedmode01
468,Dewayne Dedmon,24,PHI,C,11,0,13.6,1.4,2.6,0.517,0,0,,1.4,2.6,0.517,0.517,0.6,1.2,0.538,1,3.5,4.5,0.3,0,0.8,0.8,2.5,3.4,,dedmode01
469,Dewayne Dedmon,24,ORL,C,16,6,14.6,1.4,3.3,0.434,0,0,,1.4,3.3,0.434,0.434,0.8,1.1,0.765,1.7,3.2,4.9,0.1,0.4,0.8,0.6,2.3,3.7,,dedmode01
470,Dwight Buycks,24,TOR,PG,14,0,10.4,1.1,3.4,0.313,0.4,1.2,0.294,0.7,2.2,0.323,0.365,0.6,0.6,0.889,0.3,1.4,1.6,0.7,0.6,0,0.7,0.8,3.1,,buyckdw01
471,John Jenkins,22,ATL,SG,13,0,12.2,1.2,3.2,0.381,0.3,1.4,0.222,0.9,1.8,0.5,0.429,0.3,0.3,1,0.2,1.5,1.7,0.8,0.1,0.1,0.8,0.8,3.1,,jenkijo01
472,Austin Daye,25,2TM,SF,22,1,6.7,1.1,3.1,0.353,0.5,1.7,0.324,0.5,1.4,0.387,0.441,0.3,0.5,0.6,0.2,1,1.2,0.4,0.2,0.2,0.2,0.8,3,,dayeau01
473,Austin Daye,25,TOR,SF,8,0,4.1,0.4,1.6,0.231,0,1,0,0.4,0.6,0.6,0.231,0.3,0.4,0.667,0.3,0.6,0.9,0.3,0,0,0,0.5,1,,dayeau01
474,Austin Daye,25,SAS,SF,14,1,8.2,1.5,3.9,0.382,0.9,2.1,0.414,0.6,1.9,0.346,0.491,0.3,0.5,0.571,0.2,1.2,1.4,0.4,0.3,0.3,0.4,1,4.1,,dayeau01
475,Aron Baynes,27,SAS,C,53,4,9.3,1.3,3.1,0.436,0,0,,1.3,3.1,0.436,0.436,0.4,0.4,0.905,1.1,1.7,2.7,0.6,0,0.1,0.7,1.5,3,,baynear01
476,Ian Clark,22,UTA,SG,23,0,7.5,1.1,2.9,0.388,0.5,1.3,0.355,0.7,1.6,0.417,0.47,0.2,0.3,0.714,0.1,0.7,0.8,0.7,0.3,0.1,0.6,1,3,,clarkia01
477,Melvin Ely,35,NOP,C,2,0,13.5,1.5,3,0.5,0,0,,1.5,3,0.5,0.5,0,0,,0,0.5,0.5,0,0,0.5,0,2.5,3,,elyme01
478,Roger Mason,33,MIA,SG,25,2,10.4,1,2.7,0.373,0.7,1.9,0.354,0.3,0.8,0.421,0.5,0.3,0.3,1,0,0.8,0.9,0.8,0.2,0,0.4,1,3,,masonro01
479,Arnett Moultrie,23,PHI,PF,12,2,15.6,1.3,3.2,0.421,0,0,,1.3,3.2,0.421,0.421,0.3,0.4,0.8,0.9,2,2.9,0.2,0.7,0.3,0.6,1.8,3,,moultar01
480,Daniel Orton,23,PHI,C,22,4,11.4,1,2.1,0.447,0,0,,1,2.1,0.447,0.447,1,1.4,0.767,0.7,2,2.8,0.7,0.3,0.7,0.8,1.7,3,,ortonda01
481,Chris Singleton,24,WAS,SF,25,0,10,1,2.7,0.373,0.3,0.8,0.368,0.7,1.9,0.375,0.425,0.7,1,0.72,0.7,1.5,2.2,0.2,0.4,0.1,0.7,1,3,,singlch01
482,Hedo Türkoğlu,34,LAC,SF,38,0,10.3,1.1,2.9,0.385,0.6,1.3,0.44,0.5,1.6,0.339,0.486,0.2,0.5,0.5,0.3,2.1,2.3,0.9,0.5,0.3,0.4,1.3,3,,turkohe01
483,Bismack Biyombo,21,CHA,C,77,9,13.9,1.1,1.9,0.611,0,0,,1.1,1.9,0.611,0.611,0.6,1.2,0.517,1.4,3.4,4.8,0.1,0.1,1.1,0.5,1.6,2.9,,biyombi01
484,Josh Harrellson,24,DET,C,32,0,9.9,1.2,2.6,0.463,0.4,1,0.387,0.8,1.6,0.51,0.537,0.2,0.2,0.714,0.9,1.4,2.4,0.5,0.2,0.5,0.3,1.4,2.9,,harrejo01
485,Greg Oden,26,MIA,C,23,6,9.2,1.2,2.1,0.551,0,0,,1.2,2.1,0.551,0.551,0.6,1,0.565,1,1.3,2.3,0,0.3,0.6,0.5,2.3,2.9,,odengr01
486,Glen Rice Jr.,23,WAS,SG,11,1,9.9,1,3.4,0.297,0.5,1.5,0.294,0.5,1.8,0.3,0.365,0.5,0.6,0.714,0.4,1.5,1.8,0.6,0.5,0.1,0.8,0.6,2.9,,ricegl02
487,Greg Stiemsma,28,NOP,C,55,20,18.3,1.3,2.2,0.574,0,0,0,1.3,2.2,0.579,0.574,0.3,0.6,0.594,1.3,2.8,4.1,0.7,0.6,1,0.8,3.1,2.9,,stiemgr01
488,Brandon Davies,22,PHI,PF,51,0,11.3,1.1,2.5,0.422,0,0.2,0.2,1,2.3,0.441,0.43,0.7,1,0.642,0.7,1.4,2.1,0.5,0.5,0.2,0.7,1.8,2.8,,daviebr01
489,Shane Larkin,21,DAL,PG,48,0,10.2,1.1,2.9,0.38,0.3,0.8,0.316,0.8,2.1,0.404,0.423,0.3,0.5,0.64,0.2,0.6,0.9,1.5,0.5,0,0.8,1,2.8,,larkish01
490,Phil Pressey,22,BOS,PG,75,11,15.1,1,3.4,0.308,0.4,1.4,0.264,0.7,2,0.34,0.364,0.4,0.6,0.644,0.3,1.1,1.4,3.2,0.9,0.1,1.2,1.3,2.8,,pressph01
491,Marquis Teague,20,2TM,SG,40,3,11.1,1,3,0.319,0.1,0.5,0.278,0.8,2.5,0.327,0.34,0.7,0.9,0.743,0,1,1,1.5,0.3,0.1,1,1.2,2.7,,teaguma01
492,Marquis Teague,20,CHI,SG,19,2,12.7,0.8,3.5,0.242,0.1,0.5,0.2,0.7,2.9,0.25,0.258,0.6,0.8,0.688,0.1,0.9,1,1.5,0.1,0.2,0.9,1.3,2.4,,teaguma01
493,Marquis Teague,20,BRK,SG,21,1,9.6,1,2.5,0.415,0.1,0.4,0.375,0.9,2.1,0.422,0.443,0.7,0.9,0.789,0,1,1,1.4,0.4,0,1,1,3,,teaguma01
494,Quincy Acy,23,2TM,SF,63,0,13.4,1,2.2,0.468,0.1,0.2,0.267,1,2,0.492,0.482,0.6,0.8,0.66,1.1,2.3,3.4,0.4,0.4,0.4,0.5,1.9,2.7,,acyqu01
495,Quincy Acy,23,TOR,SF,7,0,8.7,0.9,2,0.429,0.3,0.7,0.4,0.6,1.3,0.444,0.5,0.7,1.1,0.625,0.7,1.4,2.1,0.6,0.6,0.4,0.3,1.1,2.7,,acyqu01
496,Quincy Acy,23,SAC,SF,56,0,14,1.1,2.3,0.472,0,0.2,0.2,1,2.1,0.496,0.48,0.5,0.8,0.667,1.2,2.4,3.6,0.4,0.3,0.4,0.5,2,2.7,,acyqu01
497,Reggie Bullock,22,LAC,SF,43,0,9.2,1,2.8,0.355,0.5,1.7,0.301,0.5,1.1,0.438,0.446,0.2,0.2,0.778,0.3,1,1.3,0.3,0.2,0,0.3,0.6,2.7,,bullore01
498,Rasual Butler,34,IND,SG,50,2,7.6,1,2.2,0.464,0.5,1.2,0.419,0.5,1,0.521,0.582,0.2,0.3,0.571,0.1,0.7,0.8,0.3,0.1,0.2,0.2,0.6,2.7,,butlera01
499,Carrick Felix,23,CLE,SG,7,0,5.4,1,2,0.5,0.3,0.7,0.4,0.7,1.3,0.556,0.571,0.4,0.6,0.75,0.1,0.7,0.9,0.6,0,0,0.6,0.6,2.7,,felixca01
500,Toure' Murry,24,NYK,PG,51,0,7.3,1.1,2.5,0.434,0.1,0.2,0.417,1,2.3,0.436,0.453,0.5,0.8,0.59,0.3,0.6,0.9,1,0.4,0,0.7,0.9,2.7,,murryto01
501,Eric Maynor,26,2TM,PG,31,0,10.5,1,3.3,0.317,0.4,1.2,0.324,0.6,2.1,0.313,0.376,0.2,0.4,0.545,0.3,1,1.3,1.7,0.3,0.1,0.9,0.5,2.6,,maynoer01
502,Eric Maynor,26,WAS,PG,23,0,9.3,0.9,3.1,0.292,0.3,1.1,0.32,0.6,2,0.277,0.347,0.1,0.1,0.667,0.3,0.7,1,1.7,0.2,0,0.7,0.6,2.3,,maynoer01
503,Eric Maynor,26,PHI,PG,8,0,14,1.4,3.6,0.379,0.5,1.5,0.333,0.9,2.1,0.412,0.448,0.5,1,0.5,0.3,1.6,1.9,1.5,0.5,0.3,1.5,0.5,3.8,,maynoer01
504,Lorenzo Brown,23,PHI,PG,26,0,8.6,1,3.3,0.302,0.1,1.2,0.1,0.9,2.2,0.411,0.32,0.3,0.5,0.692,0.3,0.8,1.1,1.6,0.5,0.1,0.6,0.7,2.5,,brownlo01
505,Meyers Leonard,21,POR,C,40,0,8.9,1,2.3,0.451,0,0.2,0,1,2.1,0.482,0.451,0.4,0.5,0.762,0.7,2.1,2.8,0.5,0.2,0.1,0.4,1.9,2.5,,leoname01
506,Sasha Vujačić,29,LAC,SG,2,0,5,1,2.5,0.4,0.5,1,0.5,0.5,1.5,0.333,0.5,0,0,,0,1.5,1.5,0,0.5,0,1.5,0.5,2.5,,vujacsa01
507,Gigi Datome,26,DET,SF,34,0,7,1,2.9,0.351,0.2,1.1,0.179,0.8,1.7,0.466,0.387,0.2,0.3,0.8,0.4,0.9,1.4,0.3,0.2,0,0.3,0.6,2.4,,datomlu01
508,Gal Mekel,25,DAL,PG,31,1,9.4,1,2.8,0.349,0.2,0.6,0.25,0.8,2.1,0.379,0.378,0.3,0.4,0.667,0.2,0.7,0.9,2,0.1,0,1,1,2.4,,mekelga01
509,Ronnie Price,30,ORL,SG,31,2,12.2,0.9,3,0.304,0.3,1.4,0.209,0.6,1.6,0.388,0.353,0.3,0.4,0.692,0.3,1.1,1.4,2.1,0.8,0.1,0.8,1.6,2.4,,pricero01
510,Adonis Thomas,20,2TM,SF,6,1,6.2,1,2.3,0.429,0.2,0.8,0.2,0.8,1.5,0.556,0.464,0.2,0.2,1,0,0.5,0.5,0.5,0,0,0.2,1,2.3,,thomaad01
511,Adonis Thomas,20,ORL,SF,4,0,6,0.8,2.3,0.333,0,0.8,0,0.8,1.5,0.5,0.333,0.3,0.3,1,0,0.8,0.8,0.5,0,0,0,0.5,1.8,,thomaad01
512,Adonis Thomas,20,PHI,SF,2,1,6.5,1.5,2.5,0.6,0.5,1,0.5,1,1.5,0.667,0.7,0,0,,0,0,0,0.5,0,0,0.5,2,3.5,,thomaad01
513,Dionte Christmas,27,PHO,SF,31,0,6.4,0.7,2,0.355,0.3,1,0.29,0.4,1,0.419,0.427,0.6,0.8,0.75,0.4,0.8,1.2,0.3,0.1,0.1,0.2,0.6,2.3,,chrisdi01
514,Robert Covington,23,HOU,SF,7,0,4.9,0.9,2,0.429,0.6,1.6,0.364,0.3,0.4,0.667,0.571,0,0,,0.3,0.4,0.7,0,0.3,0,0.1,0.4,2.3,,covinro01
515,Landry Fields,25,TOR,SF,30,2,10.7,0.9,2.2,0.403,0,0.2,0,0.9,2.1,0.435,0.403,0.5,0.7,0.636,0.5,1.5,2,0.7,0.3,0.1,0.4,0.8,2.3,,fieldla01
516,Rudy Gobert,21,UTA,C,45,0,9.6,0.8,1.6,0.486,0,0,,0.8,1.6,0.486,0.486,0.7,1.4,0.492,1.1,2.3,3.4,0.2,0.2,0.9,0.7,1.3,2.3,,goberru01
517,Ryan Hollins,29,LAC,PF,61,0,7.9,0.9,1.2,0.736,0,0,,0.9,1.2,0.736,0.736,0.6,0.9,0.625,0.5,1,1.5,0.1,0.1,0.5,0.5,1.4,2.3,,holliry01
518,Peyton Siva,23,DET,SG,24,0,9.3,0.8,2.4,0.316,0.3,1,0.28,0.5,1.3,0.344,0.377,0.5,0.6,0.733,0.1,0.5,0.6,1.4,0.4,0,0.8,1.1,2.3,,sivape01
519,Donald Sloan,26,IND,SG,48,1,8.2,0.9,2.4,0.376,0.2,0.9,0.238,0.7,1.6,0.453,0.419,0.3,0.4,0.6,0.1,0.8,0.9,1,0.2,0,0.5,0.4,2.3,,sloando01
520,D.J. Stephens,23,MIL,SG,3,0,5,1,2.3,0.429,0,0,,1,2.3,0.429,0.429,0.3,0.3,1,0.3,1.3,1.7,0,0,0,0,0,2.3,,stephdj01
521,Orlando Johnson,24,2TM,SG,45,0,8.7,0.8,2.5,0.319,0.2,1,0.191,0.6,1.5,0.409,0.358,0.4,0.6,0.731,0.2,1,1.2,0.4,0.1,0,0.3,0.6,2.2,,johnsor01
522,Orlando Johnson,24,IND,SG,38,0,9,0.9,2.5,0.344,0.2,1.1,0.195,0.7,1.4,0.455,0.385,0.4,0.6,0.773,0.2,1.2,1.3,0.4,0.2,0,0.4,0.6,2.4,,johnsor01
523,Orlando Johnson,24,SAC,SG,7,0,7.1,0.4,2.4,0.176,0.1,0.9,0.167,0.3,1.6,0.182,0.206,0.3,0.6,0.5,0.3,0.3,0.6,0.6,0,0.1,0.1,0.4,1.3,,johnsor01
524,Shannon Brown,28,2TM,SG,29,1,8.7,0.8,2.3,0.364,0,0.1,0,0.8,2.2,0.375,0.364,0.5,0.7,0.714,0.2,0.7,1,0.3,0.4,0,0.6,0.8,2.2,,brownsh01
525,Shannon Brown,28,SAS,SG,10,1,10.3,0.8,2.8,0.286,0,0.2,0,0.8,2.6,0.308,0.286,0.7,0.9,0.778,0.1,1.2,1.3,0.5,0.1,0,0.8,1.2,2.3,,brownsh01
526,Shannon Brown,28,NYK,SG,19,0,7.8,0.8,2,0.421,0,0,,0.8,2,0.421,0.421,0.4,0.6,0.667,0.3,0.5,0.8,0.2,0.6,0,0.5,0.6,2.1,,brownsh01
527,Victor Claver,25,POR,SF,21,0,8.8,0.8,2,0.405,0.1,0.9,0.167,0.7,1.1,0.583,0.44,0.5,0.5,0.909,0.4,1.4,1.9,0.6,0.1,0.1,0.5,0.8,2.2,,clavevi01
528,Allen Crabbe,21,POR,SG,15,0,6.7,0.8,2.2,0.364,0.4,0.9,0.429,0.4,1.3,0.316,0.455,0.2,0.3,0.75,0.1,0.5,0.6,0.4,0.1,0.1,0.2,0.7,2.2,,crabbal01
529,Chuck Hayes,30,2TM,C,61,1,12.4,0.9,2.1,0.431,0,0,0,0.9,2.1,0.434,0.431,0.3,0.4,0.8,1.1,2.3,3.4,0.6,0.6,0.2,0.5,1.6,2.2,,hayesch01
530,Chuck Hayes,30,SAC,C,16,1,11.2,0.9,2,0.438,0,0,,0.9,2,0.438,0.438,0.3,0.4,0.714,1.3,1.7,2.9,0.4,0.7,0.1,0.4,1.1,2.1,,hayesch01
531,Chuck Hayes,30,TOR,C,45,0,12.8,0.9,2.2,0.429,0,0,0,0.9,2.2,0.433,0.429,0.3,0.4,0.833,1.1,2.5,3.6,0.6,0.5,0.2,0.6,1.7,2.2,,hayesch01
532,Otto Porter Jr.,20,WAS,SF,37,0,8.6,0.9,2.5,0.363,0.1,0.6,0.19,0.8,1.9,0.414,0.385,0.2,0.3,0.667,0.6,1,1.5,0.3,0.2,0,0.4,0.7,2.1,,porteot01
533,Brandon Rush,28,UTA,SG,38,0,11,0.8,2.4,0.333,0.4,1.2,0.34,0.4,1.1,0.326,0.422,0.1,0.1,0.6,0.1,1,1.2,0.6,0.1,0.2,0.5,0.8,2.1,,rushbr01
534,Jared Cunningham,22,2TM,SG,13,0,6.2,0.5,1.6,0.286,0.1,0.5,0.143,0.4,1.1,0.357,0.31,1,1.2,0.813,0.1,0.4,0.5,0.6,0.2,0,0.2,1.2,2,,cunnija01
535,Jared Cunningham,22,ATL,SG,5,0,4.4,0.2,0.4,0.5,0,0.2,0,0.2,0.2,1,0.5,0,0.4,0,0,0.2,0.2,0.6,0,0,0.4,0.6,0.4,,cunnija01
536,Jared Cunningham,22,SAC,SG,8,0,7.3,0.6,2.4,0.263,0.1,0.8,0.167,0.5,1.6,0.308,0.289,1.6,1.8,0.929,0.1,0.5,0.6,0.6,0.4,0,0,1.6,3,,cunnija01
537,Lou Amundson,31,2TM,PF,19,0,9.7,0.8,1.7,0.5,0,0,,0.8,1.7,0.5,0.5,0.3,1.3,0.25,1.5,1.4,2.9,0.3,0.5,0.6,0.7,2.6,2,,amundlo01
538,Lou Amundson,31,NOP,PF,18,0,10.2,0.9,1.8,0.5,0,0,,0.9,1.8,0.5,0.5,0.3,1.3,0.25,1.6,1.5,3.1,0.3,0.5,0.6,0.8,2.7,2.1,,amundlo01
539,Lou Amundson,31,CHI,PF,1,0,1,0,0,,0,0,,0,0,,,0,0,,0,0,0,0,0,0,0,0,0,,amundlo01
540,Cole Aldrich,25,NYK,C,46,2,7.2,0.7,1.3,0.541,0,0,,0.7,1.3,0.541,0.541,0.6,0.7,0.867,0.8,2,2.8,0.3,0.2,0.7,0.4,0.9,2,,aldrico01
541,Keith Bogans,33,BOS,SG,6,0,9.2,0.5,1,0.5,0.5,1,0.5,0,0,,0.75,0.5,0.5,1,0,0.5,0.5,0.5,0.2,0,0.2,0.3,2,,boganke01
542,Alex Len,20,PHO,C,42,3,8.6,0.8,1.9,0.423,0,0,,0.8,1.9,0.423,0.423,0.5,0.7,0.645,0.9,1.4,2.4,0.1,0.1,0.4,0.6,1.6,2,,lenal01
543,DeAndre Liggins,25,MIA,SG,1,0,1,1,1,1,0,0,,1,1,1,1,0,0,,1,0,1,0,0,0,0,0,2,,liggide01
544,Tony Mitchell,24,MIL,SF,3,0,3.3,1,1.7,0.6,0,0.3,0,1,1.3,0.75,0.6,0,0,,0.3,0,0.3,0.3,0.3,0,0,0,2,,mitchto03
545,Malcolm Thomas,25,2TM,PF,8,0,7.9,0.9,2,0.438,0.1,0.5,0.25,0.8,1.5,0.5,0.469,0,0.3,0,0.6,2,2.6,0.3,0,0.4,1.1,0.6,1.9,,thomama01
546,Malcolm Thomas,25,SAS,PF,1,0,15,1,4,0.25,0,0,,1,4,0.25,0.25,0,2,0,1,8,9,0,0,2,1,0,2,,thomama01
547,Malcolm Thomas,25,UTA,PF,7,0,6.9,0.9,1.7,0.5,0.1,0.6,0.25,0.7,1.1,0.625,0.542,0,0,,0.6,1.1,1.7,0.3,0,0.1,1.1,0.7,1.9,,thomama01
548,Jamaal Franklin,22,MEM,SG,21,0,7.7,0.8,1.9,0.41,0.2,0.5,0.455,0.5,1.3,0.393,0.474,0.1,0.1,1,0.2,0.9,1.1,0.3,0.2,0.1,0.5,1.1,1.9,,frankja01
549,Andre Roberson,22,OKC,SG,40,16,10,0.8,1.7,0.485,0.1,0.3,0.154,0.8,1.4,0.564,0.5,0.2,0.3,0.7,0.9,1.5,2.4,0.4,0.5,0.3,0.5,1.9,1.9,,roberan03
550,Aaron Gray,29,2TM,C,37,6,9.6,0.7,1.6,0.443,0,0,0,0.7,1.6,0.45,0.443,0.3,0.5,0.55,1.1,1.9,3,0.6,0.3,0.2,0.8,1.7,1.8,,grayaa01
551,Aaron Gray,29,TOR,C,4,0,5,0.5,0.8,0.667,0,0,,0.5,0.8,0.667,0.667,0.3,0.5,0.5,0.8,1.3,2,0.8,0,0,1,1.8,1.3,,grayaa01
552,Aaron Gray,29,SAC,C,33,6,10.2,0.8,1.8,0.431,0,0,0,0.8,1.7,0.439,0.431,0.3,0.5,0.556,1.2,1.9,3.1,0.6,0.3,0.2,0.8,1.7,1.8,,grayaa01
553,Garrett Temple,27,WAS,SG,75,0,8.5,0.7,1.9,0.362,0.1,0.4,0.207,0.6,1.5,0.402,0.383,0.4,0.6,0.698,0.3,0.6,0.9,1,0.5,0.1,0.6,1,1.8,,templga01
554,Hilton Armstrong,29,GSW,C,15,1,6.5,0.6,1.3,0.474,0,0,,0.6,1.3,0.474,0.474,0.5,1.1,0.438,1.3,1.9,3.1,0.3,0.3,0.3,0.4,0.7,1.7,,armsthi01
555,Vander Blue,21,BOS,SG,3,0,5,0.7,1.3,0.5,0,0.3,0,0.7,1,0.667,0.5,0.3,1.7,0.2,0,1,1,0.3,0,0,0.7,0.3,1.7,,blueva01
556,Solomon Hill,22,IND,SF,28,0,8.1,0.6,1.4,0.425,0.3,0.8,0.304,0.4,0.6,0.588,0.513,0.2,0.3,0.857,0.3,1.1,1.5,0.4,0.2,0.1,0.5,0.7,1.7,,hillso01
557,Stephen Jackson,35,LAC,SF,9,0,11.9,0.7,2.9,0.231,0.1,1.6,0.071,0.6,1.3,0.417,0.25,0.2,0.4,0.5,0.2,0.9,1.1,0.6,0.7,0.1,0.7,1.2,1.7,,jacksst02
558,Sergey Karasev,20,CLE,SF,22,1,7.1,0.5,1.6,0.343,0.2,0.9,0.211,0.4,0.7,0.5,0.4,0.4,0.5,0.9,0,0.7,0.7,0.3,0.1,0,0.5,1,1.7,,karasse01
559,Ricky Ledo,21,DAL,SG,11,0,3,0.5,1.5,0.353,0.3,0.7,0.375,0.3,0.8,0.333,0.441,0.4,0.4,1,0,0.2,0.2,0.2,0.1,0,0.2,0.2,1.7,,ledori01
560,Chris Babb,23,BOS,SG,14,0,9.4,0.6,2.1,0.267,0.4,1.9,0.222,0.1,0.2,0.667,0.367,0,0,,0.3,0.9,1.2,0.2,0.4,0,0.2,0.9,1.6,,babbch01
561,Nazr Mohammed,36,CHI,C,80,1,7,0.7,1.6,0.429,0,0,,0.7,1.6,0.429,0.429,0.2,0.4,0.533,0.8,1.4,2.2,0.3,0.2,0.4,0.5,1,1.6,,mohamna01
562,A.J. Price,27,MIN,SG,28,0,3.5,0.7,1.6,0.413,0.2,0.8,0.273,0.5,0.9,0.542,0.478,0,0.1,0,0,0.3,0.4,0.5,0,0,0.3,0.2,1.6,,priceaj01
563,Seth Curry,23,2TM,PG,2,0,6.5,0.5,1.5,0.333,0.5,0.5,1,0,1,0,0.5,0,0,,0,0.5,0.5,0,1,0,0,0,1.5,,curryse01
564,Seth Curry,23,MEM,PG,1,0,4,0,0,,0,0,,0,0,,,0,0,,0,0,0,0,0,0,0,0,0,,curryse01
565,Seth Curry,23,CLE,PG,1,0,9,1,3,0.333,1,1,1,0,2,0,0.5,0,0,,0,1,1,0,2,0,0,0,3,,curryse01
566,Othyus Jeffers,28,2TM,SG,6,1,7.8,0.5,1,0.5,0,0.3,0,0.5,0.7,0.75,0.5,0.5,0.7,0.75,0.2,1.3,1.5,0.2,0,0,0.2,0.5,1.5,,jeffeot01
567,Othyus Jeffers,28,SAS,SG,4,1,8.5,0.8,1.3,0.6,0,0.3,0,0.8,1,0.75,0.6,0.3,0.5,0.5,0.3,1.3,1.5,0.3,0,0,0,0.5,1.8,,jeffeot01
568,Othyus Jeffers,28,MIN,SG,2,0,6.5,0,0.5,0,0,0.5,0,0,0,,0,1,1,1,0,1.5,1.5,0,0,0,0.5,0.5,1,,jeffeot01
569,Shavlik Randolph,30,PHO,PF,14,0,6.8,0.5,1,0.5,0,0,,0.5,1,0.5,0.5,0.4,0.8,0.545,0.5,1.3,1.8,0.1,0.2,0.1,0.4,1.1,1.4,,randosh01
570,Solomon Jones,29,ORL,PF,11,0,7.7,0.5,1.5,0.353,0,0,,0.5,1.5,0.353,0.353,0.2,0.4,0.5,0.7,0.7,1.5,0.2,0.2,0.2,0.2,1.1,1.3,,jonesso01
571,Ryan Gomes,31,OKC,SF,5,0,6.8,0.6,1.6,0.375,0,0.4,0,0.6,1.2,0.5,0.375,0,0,,0,0.8,0.8,0.2,0,0,0.2,1,1.2,,gomesry01
572,Damion James,26,SAS,SF,5,1,10,0.4,1.8,0.222,0,0.4,0,0.4,1.4,0.286,0.222,0.4,0.4,1,0.2,2.2,2.4,0.6,0,0.2,0.2,0.6,1.2,,jamesda01
573,Hasheem Thabeet,26,OKC,C,23,0,8.3,0.6,1,0.565,0,0,,0.6,1,0.565,0.565,0,0.2,0.2,0.4,1.3,1.7,0,0.2,0.4,0.6,2,1.2,,thabeha01
574,Lance Thomas,25,NOP,SF,5,0,8.4,0.4,1.8,0.222,0,0,,0.4,1.8,0.222,0.222,0.4,0.8,0.5,0.4,1,1.4,0.6,0,0,0.4,0.8,1.2,,thomala01
575,Tornike Shengelia,22,2TM,SF,26,0,5.9,0.5,1.1,0.464,0,0.2,0,0.5,0.8,0.591,0.464,0.1,0.3,0.375,0.2,0.5,0.6,0.5,0.1,0,0.5,0.7,1.1,,shengto01
576,Tornike Shengelia,22,BRK,SF,17,0,8.1,0.6,1.4,0.458,0,0.4,0,0.6,1.1,0.611,0.458,0.2,0.5,0.375,0.2,0.6,0.8,0.7,0.1,0.1,0.6,0.9,1.5,,shengto01
577,Tornike Shengelia,22,CHI,SF,9,0,1.9,0.2,0.4,0.5,0,0,,0.2,0.4,0.5,0.5,0,0,,0,0.2,0.2,0.2,0.1,0,0.1,0.2,0.4,,shengto01
578,Jason Collins,35,BRK,C,22,1,7.8,0.5,1.1,0.458,0,0.1,0,0.5,1,0.524,0.458,0.1,0.2,0.75,0.3,0.5,0.9,0.2,0.4,0,0.3,1.4,1.1,,collija04
579,Nemanja Nedović,22,GSW,SG,24,0,5.9,0.3,1.6,0.205,0.1,0.8,0.167,0.2,0.9,0.238,0.244,0.3,0.3,0.875,0.1,0.5,0.6,0.5,0,0,0.5,0.5,1.1,,nedovne01
580,Jamaal Tinsley,35,UTA,PG,8,5,13.8,0.5,2.5,0.2,0.1,1.9,0.067,0.4,0.6,0.6,0.225,0,0,,0.3,1.1,1.4,2.9,0.3,0,1.1,1.3,1.1,,tinslja01
581,Shane Edwards,26,CLE,SF,2,0,6,0.5,1.5,0.333,0,0,,0.5,1.5,0.333,0.333,0,0,,0.5,0.5,1,0,0,0,0.5,0.5,1,,edwarsh01
582,Mike James,38,CHI,PG,11,0,7,0.5,1.9,0.238,0.1,0.5,0.2,0.4,1.5,0.25,0.262,0,0.2,0,0,0.6,0.6,1.5,0.2,0,0.5,1,1,,jamesmi01
583,Viacheslav Kravtsov,26,PHO,C,20,0,3,0.4,0.8,0.533,0,0,,0.4,0.8,0.533,0.533,0.2,0.4,0.5,0.5,0.4,0.9,0.1,0,0.1,0.3,0.4,1,,kravtvi01
584,Tony Mitchell,21,DET,PF,21,0,3.8,0.2,0.6,0.417,0,0,1,0.2,0.5,0.364,0.458,0.5,0.9,0.579,0.7,0.5,1.2,0.1,0.3,0.1,0.2,0.4,1,,mitchto02
585,Maalik Wayns,22,LAC,PG,2,0,4.5,0.5,1,0.5,0,0,,0.5,1,0.5,0.5,0,0,,0,1,1,1,1,0,0,2,1,,waynsma01
586,Bernard James,28,DAL,C,30,0,4.9,0.4,0.8,0.478,0,0,0,0.4,0.7,0.5,0.478,0.2,0.4,0.545,0.5,0.9,1.4,0.1,0.1,0.3,0.3,0.8,0.9,,jamesbe01
587,Julyan Stone,25,TOR,SG,21,0,5.7,0.3,0.8,0.412,0.1,0.4,0.25,0.2,0.4,0.556,0.471,0.1,0.1,0.667,0.1,0.9,1,0.6,0.1,0,0.2,0.6,0.9,,stoneju01
588,Joel Anthony,31,2TM,C,33,0,5.6,0.4,1,0.375,0,0,,0.4,1,0.375,0.375,0.1,0.2,0.5,0.5,0.7,1.2,0.1,0.1,0.4,0.1,0.5,0.8,,anthojo01
589,Joel Anthony,31,MIA,C,12,0,3.1,0.2,0.5,0.333,0,0,,0.2,0.5,0.333,0.333,0.2,0.2,1,0.2,0.4,0.6,0,0,0.3,0.1,0.3,0.5,,anthojo01
590,Joel Anthony,31,BOS,C,21,0,7.1,0.5,1.2,0.385,0,0,,0.5,1.2,0.385,0.385,0.1,0.3,0.333,0.6,0.9,1.5,0.1,0.1,0.4,0.1,0.6,1,,anthojo01
591,Ognjen Kuzmić,23,GSW,C,21,0,4.4,0.2,0.6,0.385,0,0,,0.2,0.6,0.385,0.385,0.2,0.5,0.455,0.5,0.5,1,0.1,0.1,0.2,0.5,0.8,0.7,,kuzmiog01
592,Arinze Onuaku,26,2TM,PF,5,0,6,0.2,1,0.2,0,0,,0.2,1,0.2,0.2,0.2,0.4,0.5,0.4,1.2,1.6,0.6,0,0,0.2,0.6,0.6,,onuakar01
593,Arinze Onuaku,26,NOP,PF,3,0,8.3,0.3,1.3,0.25,0,0,,0.3,1.3,0.25,0.25,0.3,0.7,0.5,0.7,1.7,2.3,1,0,0,0.3,1,1,,onuakar01
594,Arinze Onuaku,26,CLE,PF,2,0,2.5,0,0.5,0,0,0,,0,0.5,0,0,0,0,,0,0.5,0.5,0,0,0,0,0,0,,onuakar01
595,Andris Biedriņš,27,UTA,C,6,0,7.5,0.2,0.2,1,0,0,,0.2,0.2,1,1,0.2,1,0.167,0.3,2.5,2.8,0,0,0,0.3,1,0.5,,biedran01
596,Scotty Hopson,24,CLE,SG,2,0,3.5,0,2,0,0,1,0,0,1,0,0,0.5,1,0.5,0,0,0,0.5,0.5,0,0,0,0.5,,hopsosc01
597,Earl Watson,34,POR,PG,24,0,6.7,0.1,0.5,0.273,0.1,0.3,0.286,0,0.2,0.25,0.364,0.2,0.2,1,0.2,0.4,0.6,1.2,0.2,0,0.7,1.4,0.5,,watsoea01
598,Hamady N'Diaye,27,SAC,C,14,0,5.3,0.2,0.6,0.333,0,0,,0.2,0.6,0.333,0.333,0,0.1,0,0.4,0.9,1.3,0.2,0,0.3,0.2,1.1,0.4,,ndiayha01
599,Ronnie Brewer,28,2TM,SF,24,3,6.7,0.1,0.6,0.2,0,0.3,0.125,0.1,0.3,0.286,0.233,0,0.1,0,0.1,0.5,0.6,0.4,0.3,0,0.1,0.2,0.3,,brewero02
600,Ronnie Brewer,28,HOU,SF,23,3,6.9,0.1,0.7,0.2,0,0.3,0.125,0.1,0.3,0.286,0.233,0,0.1,0,0.1,0.5,0.6,0.4,0.3,0,0.1,0.2,0.3,,brewero02
601,Ronnie Brewer,28,CHI,SF,1,0,2,0,0,,0,0,,0,0,,,0,0,,0,0,0,0,0,0,0,0,0,,brewero02
602,Erik Murphy,23,CHI,C,24,0,2.6,0.1,0.5,0.231,0,0.1,0,0.1,0.4,0.3,0.231,0,0,,0.1,0.3,0.3,0.1,0,0.2,0.1,0.3,0.3,,murpher01
603,Mustafa Shakur,29,OKC,PG,3,0,3.7,0,1,0,0,0.3,0,0,0.7,0,0,0.3,0.7,0.5,0,0,0,1.3,0,0,0.7,0.7,0.3,,shakumu01
604,Josh Childress,30,NOP,SF,4,0,6,0,0,,0,0,,0,0,,,0,0,,0,0.8,0.8,0.5,0.3,0,0.3,0.3,0,,childjo01
605,Elias Harris,24,LAL,SF,2,0,5.5,0,0.5,0,0,0,,0,0.5,0,0,0,0,,0.5,0,0.5,0.5,0.5,0,0,0,0,,harriel01
606,Royal Ivey,32,OKC,SG,2,0,2.5,0,1,0,0,0.5,0,0,0.5,0,0,0,0,,0,0.5,0.5,0,0,0,0,0.5,0,,iveyro01
607,Darius Johnson-Odom,24,PHI,SG,3,0,5,0,2.3,0,0,1,0,0,1.3,0,0,0,0.7,0,0,0.7,0.7,0.3,0.3,0,0.7,1,0,,johnsda03
608,Dexter Pittman,25,ATL,C,2,0,1.5,0,0.5,0,0,0,,0,0.5,0,0,0,1,0,1.5,0,1.5,0,0,0,0,0,0,,pittmde01
609,Chris Smith,26,NYK,PG,2,0,1,0,0,,0,0,,0,0,,,0,0,,0,0,0,0,0,0,0,0,0,,smithch05
610,D.J. White,27,CHA,PF,2,0,5,0,0.5,0,0,0,,0,0.5,0,0,0,0,,0,1,1,0,0.5,0,0,0.5,0,,whitedj01
611,Royce White,22,SAC,PF,3,0,3,0,0.3,0,0,0,,0,0.3,0,0,0,0,,0,0,0,0,0,0,0,0.7,0,,whitero03
,League Average,,,,,,,,,0.454,,,0.36,,,0.488,0.501,,,0.756,,,,,,,,,,,-9999