Rk,Player,Age,Team,Pos,G,GS,MP,FG,FGA,FG%,3P,3PA,3P%,2P,2PA,2P%,eFG%,FT,FTA,FT%,ORB,DRB,TRB,AST,STL,BLK,TOV,PF,PTS,Awards
1,Carmelo Anthony,28,NYK,PF,67,67,37,10,22.2,0.449,2.3,6.2,0.379,7.6,16,0.476,0.502,6.3,7.6,0.83,2,4.9,6.9,2.6,0.8,0.5,2.6,3.1,28.7,"MVP-3,AS,NBA2"
2,Kevin Durant,24,OKC,SF,81,81,38.5,9,17.7,0.51,1.7,4.1,0.416,7.3,13.6,0.539,0.559,8.4,9.3,0.905,0.6,7.3,7.9,4.6,1.4,1.3,3.5,1.8,28.1,"MVP-2,AS,NBA1"
3,Kobe Bryant,34,LAL,SG,78,78,38.6,9.5,20.4,0.463,1.7,5.2,0.324,7.8,15.2,0.51,0.504,6.7,8,0.839,0.8,4.7,5.6,6,1.4,0.3,3.7,2.2,27.3,"MVP-5,AS,NBA1"
4,LeBron James,28,MIA,PF,76,76,37.9,10.1,17.8,0.565,1.4,3.3,0.406,8.7,14.5,0.602,0.603,5.3,7,0.753,1.3,6.8,8,7.3,1.7,0.9,3,1.4,26.8,"MVP-1,DPOY-2,AS,NBA1"
5,James Harden,23,HOU,SG,78,78,38.3,7.5,17.1,0.438,2.3,6.2,0.368,5.2,10.9,0.477,0.504,8.6,10.2,0.851,0.8,4.1,4.9,5.8,1.8,0.5,3.8,2.3,25.9,"MVP-8,AS,NBA3"
6,Russell Westbrook,24,OKC,PG,82,82,34.9,8.2,18.7,0.438,1.2,3.7,0.323,7,15.1,0.466,0.47,5.6,7,0.8,1.4,3.9,5.2,7.4,1.8,0.3,3.3,2.3,23.2,"MVP-9,DPOY-17,AS,NBA2"
7,Stephen Curry,24,GSW,PG,78,78,38.2,8,17.8,0.451,3.5,7.7,0.453,4.5,10.1,0.449,0.549,3.4,3.7,0.9,0.8,3.3,4,6.9,1.6,0.2,3.1,2.5,22.9,MVP-11
8,Kyrie Irving,20,CLE,PG,59,59,34.7,8.2,18.1,0.452,1.8,4.7,0.391,6.4,13.4,0.474,0.503,4.2,4.9,0.855,0.6,3.1,3.7,5.9,1.5,0.4,3.2,2.5,22.5,AS
9,Dwyane Wade,31,MIA,SG,69,69,34.7,8.2,15.8,0.521,0.2,1,0.258,8,14.9,0.537,0.528,4.5,6.2,0.725,1.2,3.7,5,5.1,1.9,0.8,2.8,2,21.2,"MVP-10,DPOY-16,AS,NBA3"
10,LaMarcus Aldridge,27,POR,PF,74,74,37.7,8.6,17.8,0.484,0,0.2,0.143,8.6,17.6,0.488,0.485,3.8,4.7,0.81,2.4,6.7,9.1,2.6,0.8,1.2,1.9,2.5,21.1,AS
11,Tony Parker,30,SAS,PG,66,66,32.9,7.9,15.1,0.522,0.4,1,0.353,7.5,14,0.534,0.534,4.2,5,0.845,0.3,2.7,3,7.6,0.8,0.1,2.6,1.4,20.3,"MVP-6,AS,NBA2"
12,Brook Lopez,24,BRK,C,74,74,30.4,7.7,14.8,0.521,0,0,0,7.7,14.8,0.522,0.521,4,5.3,0.758,2.8,4.1,6.9,0.9,0.4,2.1,1.8,2.1,19.4,AS
13,Monta Ellis,27,MIL,SG,82,82,37.5,7.3,17.5,0.416,1.1,4,0.287,6.1,13.5,0.454,0.448,3.5,4.6,0.773,0.5,3.3,3.9,6,2.1,0.4,3.1,2,19.2,
14,Damian Lillard,22,POR,PG,82,82,38.6,6.7,15.7,0.429,2.3,6.1,0.368,4.5,9.6,0.469,0.501,3.3,3.9,0.844,0.5,2.6,3.1,6.5,0.9,0.2,3,2.1,19,ROY-1
15,Deron Williams,28,BRK,PG,78,78,36.4,6.3,14.4,0.44,2.2,5.7,0.378,4.2,8.7,0.482,0.516,4.1,4.7,0.859,0.4,2.6,3,7.7,1,0.4,2.8,2.5,18.9,
16,Paul Pierce,35,BOS,SF,77,77,33.4,6.2,14.2,0.436,1.9,5,0.38,4.3,9.2,0.466,0.502,4.3,5.5,0.787,0.6,5.7,6.3,4.8,1.1,0.4,2.8,2.7,18.6,
17,David Lee,29,GSW,PF,79,79,36.8,7.6,14.7,0.519,0,0.1,0,7.6,14.6,0.521,0.519,3.2,4.1,0.797,2.8,8.5,11.2,3.5,0.8,0.3,2.6,3.1,18.5,"MVP-12,AS,NBA3"
18,John Wall,22,WAS,PG,49,42,32.7,6.6,15,0.441,0.2,0.9,0.267,6.4,14.1,0.452,0.449,5,6.2,0.804,0.7,3.3,4,7.6,1.3,0.8,3.2,2.4,18.5,
19,Kevin Love,24,MIN,PF,18,18,34.3,5.8,16.6,0.352,1.1,5.1,0.217,4.7,11.4,0.413,0.386,5.6,7.9,0.704,3.6,10.4,14,2.3,0.7,0.5,2.2,1.9,18.3,
20,Rudy Gay,26,2TM,SF,75,74,35.8,6.9,16.7,0.416,1.1,3.5,0.323,5.8,13.2,0.44,0.449,3.2,3.9,0.814,1.3,4.8,6.1,2.7,1.5,0.7,2.6,2.4,18.2,
21,Rudy Gay,26,MEM,SF,42,42,36.7,6.7,16.4,0.408,1,3.1,0.31,5.7,13.3,0.431,0.438,2.9,3.7,0.776,1.3,4.6,5.9,2.6,1.3,0.7,2.5,2.1,17.2,
22,Rudy Gay,26,TOR,SF,33,32,34.7,7.3,17.1,0.425,1.3,4,0.336,5.9,13.2,0.452,0.464,3.6,4.2,0.856,1.3,5.1,6.4,2.8,1.7,0.7,2.8,2.9,19.5,
23,DeMar DeRozan,23,TOR,SG,82,82,36.7,6.7,15,0.445,0.4,1.5,0.283,6.3,13.5,0.463,0.459,4.3,5.2,0.831,0.6,3.3,3.9,2.5,0.9,0.3,1.8,2.1,18.1,
24,J.R. Smith,27,NYK,SG,80,0,33.5,6.6,15.6,0.422,1.9,5.5,0.356,4.7,10.2,0.458,0.484,3,3.9,0.762,0.8,4.5,5.3,2.7,1.3,0.3,1.7,2.8,18.1,6MOY-1
25,Blake Griffin,23,LAC,PF,80,80,32.5,7.2,13.4,0.538,0.1,0.4,0.179,7.2,13.1,0.548,0.541,3.5,5.3,0.66,2.3,6,8.3,3.7,1.2,0.6,2.3,2.9,18,"AS,NBA2"
26,Tim Duncan,36,SAS,C,69,69,30.1,7.1,14.1,0.502,0,0.1,0.286,7.1,14,0.504,0.503,3.6,4.3,0.817,1.8,8.1,9.9,2.7,0.7,2.7,2.1,1.7,17.8,"MVP-7,DPOY-6,AS,NBA1"
27,Al Jefferson,28,UTA,C,78,78,33.1,7.8,15.8,0.494,0,0.2,0.118,7.8,15.6,0.5,0.495,2.1,2.8,0.77,2,7.2,9.2,2.1,1,1.1,1.3,2.2,17.8,
28,Jrue Holiday,22,PHI,PG,78,78,37.5,7.1,16.5,0.431,1.2,3.2,0.368,5.9,13.3,0.446,0.466,2.3,3.1,0.752,1.1,3.1,4.2,8,1.6,0.4,3.7,2.2,17.7,AS
29,Kemba Walker,22,CHA,PG,82,82,34.9,6.4,15.2,0.423,1.3,4,0.322,5.1,11.1,0.459,0.466,3.6,4.5,0.798,0.7,2.7,3.5,5.7,2,0.4,2.4,1.9,17.7,
30,Brandon Jennings,23,MIL,PG,80,80,36.2,6.2,15.6,0.399,2.2,5.8,0.375,4.1,9.8,0.412,0.468,2.9,3.5,0.819,0.7,2.3,3.1,6.5,1.6,0.1,2.5,1.9,17.5,
31,Josh Smith,27,ATL,PF,76,76,35.3,7.2,15.6,0.465,0.8,2.6,0.303,6.4,12.9,0.498,0.491,2.2,4.2,0.517,1.8,6.7,8.4,4.2,1.2,1.8,3,2.3,17.5,
32,Paul George,22,IND,SF,79,79,37.6,6.2,14.9,0.419,2.2,5.9,0.362,4.1,8.9,0.457,0.491,2.8,3.5,0.807,1.1,6.5,7.6,4.1,1.8,0.6,2.9,2.9,17.4,"DPOY-8,MIP-1,AS,NBA3"
33,Al Horford,26,ATL,C,74,74,37.2,7.8,14.3,0.543,0,0.1,0.5,7.7,14.2,0.544,0.545,1.8,2.8,0.644,2.6,7.6,10.2,3.2,1.1,1.1,2,2.2,17.4,
34,Dirk Nowitzki,34,DAL,PF,53,47,31.3,6.5,13.7,0.471,1.2,3,0.414,5.2,10.8,0.487,0.516,3.1,3.6,0.86,0.7,6.2,6.8,2.5,0.7,0.7,1.3,1.8,17.3,
35,DeMarcus Cousins,22,SAC,C,75,74,30.5,6.4,13.8,0.465,0.1,0.3,0.182,6.4,13.5,0.471,0.467,4.2,5.6,0.738,3,7,9.9,2.7,1.4,0.7,3,3.6,17.1,
36,Dwight Howard,27,LAL,C,76,76,35.8,6.2,10.7,0.578,0,0.1,0.167,6.2,10.6,0.581,0.579,4.7,9.5,0.492,3.3,9.1,12.4,1.4,1.1,2.4,3,3.8,17.1,"DPOY-14,AS,NBA3"
37,David West,32,IND,PF,73,73,33.4,6.9,13.8,0.498,0.1,0.3,0.211,6.8,13.6,0.503,0.5,3.3,4.3,0.768,2,5.7,7.7,2.9,1,0.9,2.2,2,17.1,
38,Eric Gordon,24,NOH,SG,42,40,30.1,5.6,13.9,0.402,1.3,4.1,0.324,4.3,9.8,0.436,0.45,4.5,5.3,0.842,0.2,1.6,1.8,3.3,1.1,0.2,2.8,1.8,17,
39,Chris Paul,27,LAC,PG,70,70,33.4,5.9,12.2,0.481,1.1,3.3,0.328,4.8,8.9,0.538,0.526,4.1,4.6,0.885,0.8,3,3.7,9.7,2.4,0.1,2.3,2,16.9,"MVP-4,DPOY-11,AS,NBA1"
40,Ty Lawson,25,DEN,PG,73,71,34.4,6.1,13.3,0.461,1.2,3.2,0.366,5,10.1,0.491,0.505,3.2,4.3,0.756,0.5,2.2,2.7,6.9,1.5,0.1,2.5,1.8,16.7,MVP-12
41,Chris Bosh,28,MIA,C,74,74,33.2,6.6,12.3,0.535,0.3,1,0.284,6.3,11.3,0.557,0.546,3.3,4.1,0.798,1.8,5,6.8,1.7,0.9,1.4,1.7,2.3,16.6,AS
42,Klay Thompson,22,GSW,SG,82,82,35.8,6.2,14.7,0.422,2.6,6.4,0.401,3.6,8.3,0.437,0.509,1.6,1.9,0.841,0.4,3.3,3.7,2.2,1,0.5,1.9,2.9,16.6,
43,Arron Afflalo,27,ORL,SF,64,64,36,6.2,14.1,0.439,1.1,3.8,0.3,5.1,10.4,0.489,0.478,3,3.5,0.857,0.5,3.3,3.7,3.2,0.6,0.2,2.2,2.1,16.5,
44,Jamal Crawford,32,LAC,SG,76,0,29.3,5.9,13.4,0.438,2,5.2,0.376,3.9,8.2,0.477,0.511,2.8,3.3,0.871,0.3,1.4,1.7,2.5,1,0.2,1.9,0.9,16.5,6MOY-2
45,Luol Deng,27,CHI,SF,75,75,38.7,6.2,14.6,0.426,1,3.1,0.322,5.2,11.5,0.455,0.461,3.1,3.8,0.816,2.2,4.2,6.3,3,1.1,0.4,1.9,1.4,16.5,"DPOY-15,AS"
46,Joe Johnson,31,BRK,SG,72,72,36.7,6.2,14.6,0.423,2.1,5.5,0.375,4.1,9.1,0.452,0.493,1.8,2.2,0.82,0.7,2.3,3,3.5,0.7,0.2,1.7,1.4,16.3,
47,Nikola Peković,27,MIN,C,62,62,31.6,6.2,12,0.52,0,0,,6.2,12,0.52,0.52,3.9,5.2,0.744,3.7,5.1,8.8,0.9,0.7,0.8,1.6,2.3,16.3,
48,Ryan Anderson,24,NOH,PF,81,22,30.9,5.8,13.8,0.423,2.6,6.9,0.382,3.2,6.9,0.464,0.519,1.9,2.2,0.844,2.4,4,6.4,1.2,0.5,0.4,1.2,2.2,16.2,6MOY-5
49,Carlos Boozer,31,CHI,PF,79,79,32.2,6.9,14.4,0.477,0,0,0,6.9,14.4,0.478,0.477,2.4,3.3,0.731,2.2,7.5,9.8,2.3,0.8,0.4,2.2,3,16.2,
50,Danilo Gallinari,24,DEN,SF,71,71,32.5,5.1,12.3,0.418,1.9,5.1,0.373,3.2,7.2,0.45,0.495,4,4.9,0.822,0.9,4.3,5.2,2.5,0.9,0.5,1.6,1.8,16.2,
51,Greg Monroe,22,DET,C,81,81,33.2,6.3,13.1,0.486,0,0,0,6.3,13,0.488,0.486,3.3,4.8,0.689,2.9,6.7,9.6,3.5,1.3,0.7,2.9,2.3,16,
52,Gerald Henderson,25,CHA,SG,68,58,31.4,5.6,12.6,0.447,0.5,1.5,0.33,5.1,11.1,0.462,0.466,3.8,4.6,0.824,0.8,2.9,3.7,2.6,1,0.5,1.6,2.2,15.5,
53,Chandler Parsons,24,HOU,SF,76,76,36.3,6,12.4,0.486,2,5.2,0.385,4,7.2,0.559,0.567,1.5,2,0.729,1,4.3,5.3,3.5,1,0.4,1.9,1.9,15.5,
54,Zach Randolph,31,MEM,PF,76,75,34.3,6.2,13.5,0.46,0,0.3,0.087,6.2,13.2,0.469,0.461,3,3.9,0.75,4.1,7.2,11.2,1.4,0.8,0.4,2,2.4,15.4,AS
55,O.J. Mayo,25,DAL,SG,82,82,35.5,5.6,12.5,0.449,1.7,4.3,0.407,3.9,8.3,0.471,0.519,2.3,2.8,0.82,0.4,3.1,3.5,4.4,1.1,0.3,2.6,2.4,15.3,
56,Tyreke Evans,23,SAC,SG,65,61,31,5.6,11.8,0.478,0.7,2,0.338,4.9,9.7,0.508,0.508,3.2,4.2,0.775,0.9,3.6,4.4,3.5,1.4,0.4,2,2,15.2,
57,Glen Davis,27,ORL,PF,34,33,31.3,6.3,14.1,0.448,0,0.1,0,6.3,14,0.45,0.448,2.5,3.4,0.718,1.6,5.6,7.2,2.1,0.9,0.6,1.9,2.6,15.1,
58,Kevin Garnett,36,BOS,C,68,68,29.7,6.2,12.5,0.496,0,0.2,0.125,6.2,12.3,0.504,0.498,2.3,3,0.786,1.1,6.7,7.8,2.3,1.1,0.9,1.6,2.3,14.8,"MVP-12,AS"
59,Wesley Matthews,26,POR,SG,69,69,34.8,5.1,11.7,0.436,2.4,6.2,0.398,2.7,5.6,0.478,0.54,2.2,2.7,0.797,0.5,2.3,2.8,2.5,1.3,0.3,1.6,2.5,14.8,
60,Thaddeus Young,24,PHI,PF,76,76,34.6,6.7,12.6,0.531,0,0.1,0.125,6.7,12.5,0.535,0.532,1.4,2.5,0.574,2.4,5.1,7.5,1.6,1.8,0.7,1.2,2.5,14.8,
61,Goran Dragić,26,PHO,PG,77,77,33.5,5.2,11.8,0.443,1.1,3.6,0.319,4.1,8.2,0.497,0.491,3.2,4.2,0.748,0.8,2.3,3.1,7.4,1.6,0.3,2.8,2.8,14.7,
62,Jameer Nelson,30,ORL,PG,56,56,35.3,5.5,13.9,0.392,2.2,6.3,0.341,3.3,7.6,0.435,0.47,1.6,1.8,0.873,0.4,3.3,3.7,7.4,1.3,0.1,2.8,2.9,14.7,
63,Dion Waiters,21,CLE,SG,61,48,28.8,5.5,13.4,0.412,1,3.3,0.31,4.5,10,0.446,0.451,2.6,3.5,0.746,0.4,2.1,2.4,3,1,0.3,2,1.9,14.7,ROY-5
64,Mike Conley,25,MEM,PG,80,80,34.5,5.2,11.8,0.44,1.3,3.7,0.362,3.9,8.1,0.476,0.497,2.9,3.5,0.83,0.5,2.3,2.8,6.1,2.2,0.3,2.4,2.1,14.6,DPOY-21
65,Paul Millsap,27,UTA,PF,78,78,30.4,5.5,11.2,0.49,0.2,0.5,0.333,5.3,10.7,0.498,0.498,3.4,4.6,0.742,2.3,4.8,7.1,2.6,1.3,1,1.8,3,14.6,
66,Jeff Teague,24,ATL,PG,80,78,32.9,5.5,12.2,0.451,1.1,3.1,0.359,4.4,9.1,0.482,0.496,2.5,2.8,0.881,0.3,1.9,2.3,7.2,1.5,0.4,2.9,2.3,14.6,
67,Ramon Sessions,26,CHA,SG,61,0,27.1,4.5,11.1,0.408,0.5,1.8,0.308,4,9.3,0.427,0.433,4.8,5.7,0.839,0.4,2.3,2.8,3.8,0.8,0.1,1.7,1.5,14.4,6MOY-12
68,Nicolas Batum,24,POR,SF,73,73,38.5,4.8,11.4,0.423,2.3,6.1,0.372,2.6,5.3,0.481,0.522,2.4,2.9,0.848,1.3,4.3,5.6,4.9,1.2,1.1,2.6,1.9,14.3,
69,George Hill,26,IND,PG,76,76,34.5,5.1,11.5,0.443,1.7,4.6,0.368,3.4,6.8,0.494,0.518,2.3,2.8,0.817,0.6,3.1,3.7,4.7,1.1,0.3,1.5,1.8,14.2,
70,Amar'e Stoudemire,30,NYK,PF,29,0,23.5,5.3,9.2,0.577,0,0,,5.3,9.2,0.577,0.577,3.6,4.5,0.808,2.1,2.9,5,0.4,0.3,0.7,1.7,3.1,14.2,
71,JJ Redick,28,2TM,SG,78,13,30.5,4.9,11.3,0.434,2.1,5.8,0.366,2.8,5.5,0.506,0.528,2.2,2.4,0.9,0.2,2,2.2,3.8,0.5,0.1,1.8,1.5,14.1,6MOY-14
72,JJ Redick,28,ORL,SG,50,11,31.5,5.2,11.6,0.45,2.3,6,0.39,2.9,5.6,0.514,0.551,2.3,2.6,0.891,0.2,2.2,2.4,4.4,0.6,0.1,2.1,1.4,15.1,
73,JJ Redick,28,MIL,SG,28,2,28.7,4.3,10.6,0.403,1.7,5.4,0.318,2.6,5.3,0.49,0.483,2,2.2,0.918,0.3,1.6,1.9,2.7,0.3,0.1,1.2,1.7,12.3,
74,Marc Gasol,28,MEM,C,80,80,35,5.4,10.9,0.494,0,0.2,0.071,5.4,10.7,0.501,0.494,3.4,4,0.848,2.3,5.5,7.8,4,1,1.7,2,3.2,14.1,"MVP-12,DPOY-1,NBA2"
75,Gordon Hayward,22,UTA,SF,72,27,29.2,4.7,10.7,0.435,1.4,3.4,0.415,3.3,7.3,0.444,0.501,3.4,4.1,0.827,0.7,2.4,3.1,3,0.8,0.5,1.7,1.7,14.1,6MOY-14
76,Anderson Varejão,30,CLE,C,25,25,36,5.5,11.6,0.478,0,0.2,0,5.5,11.4,0.486,0.478,3.1,4.1,0.755,5.5,8.9,14.4,3.4,1.5,0.6,1.8,2.7,14.1,
77,Lou Williams,26,ATL,SG,39,9,28.7,4.8,11.4,0.422,1.8,5,0.367,2.9,6.3,0.466,0.503,2.7,3.1,0.868,0.2,1.8,2.1,3.6,1.1,0.3,1.9,1.4,14.1,
78,Kevin Martin,29,OKC,SG,77,0,27.7,4.5,10.1,0.45,2.1,4.8,0.426,2.5,5.3,0.472,0.551,2.8,3.2,0.89,0.4,1.9,2.3,1.4,0.9,0.1,1.3,1.8,14,6MOY-4
79,Bradley Beal,19,WAS,SG,56,46,31.2,5,12.3,0.41,1.6,4.2,0.386,3.4,8.1,0.424,0.477,2.2,2.8,0.786,0.8,3,3.8,2.4,0.9,0.5,1.6,2,13.9,ROY-3
80,Raymond Felton,28,NYK,PG,68,68,34,5.5,13,0.427,1.4,3.8,0.36,4.2,9.2,0.455,0.48,1.5,1.9,0.789,0.8,2.1,2.9,5.5,1.4,0.2,2.3,1.9,13.9,
81,Isaiah Thomas,23,SAC,PG,79,62,26.9,4.6,10.5,0.44,1.5,4.1,0.358,3.2,6.5,0.491,0.509,3.2,3.6,0.882,0.4,1.7,2,4,0.8,0,1.8,2.1,13.9,
82,Greivis Vásquez,26,NOH,PG,78,78,34.4,5.6,13,0.433,1.1,3.1,0.342,4.6,9.9,0.462,0.474,1.6,2,0.805,0.6,3.8,4.3,9,0.8,0.1,3.2,2.4,13.9,
83,Pau Gasol,32,LAL,PF,49,42,33.8,5.5,11.8,0.466,0.2,0.6,0.286,5.3,11.2,0.475,0.473,2.6,3.6,0.702,2.3,6.3,8.6,4.1,0.5,1.2,2.1,1.9,13.7,
84,Rajon Rondo,26,BOS,PG,38,38,37.4,5.9,12.2,0.484,0.3,1.3,0.24,5.6,10.9,0.513,0.497,1.6,2.4,0.645,1.1,4.4,5.6,11.1,1.8,0.2,3.9,2.5,13.7,AS
85,Anthony Davis,19,NOH,PF,64,60,28.8,5.5,10.6,0.516,0,0.1,0,5.5,10.5,0.521,0.516,2.6,3.5,0.751,2.6,5.6,8.2,1,1.2,1.8,1.4,2.5,13.5,ROY-2
86,Vince Carter,36,DAL,SF,81,3,25.8,4.6,10.6,0.435,2,4.9,0.406,2.6,5.6,0.461,0.53,2.2,2.8,0.816,0.7,3.4,4.1,2.4,0.9,0.5,1.3,2.8,13.4,6MOY-14
87,Jeremy Lin,24,HOU,PG,82,82,32.2,4.8,10.9,0.441,1.1,3.1,0.339,3.8,7.8,0.483,0.49,2.6,3.4,0.785,0.4,2.6,3,6.1,1.6,0.4,2.9,2.5,13.4,
88,Brandon Knight,21,DET,PG,75,75,31.5,4.8,11.7,0.407,1.6,4.4,0.367,3.2,7.3,0.43,0.475,2.2,3,0.733,0.7,2.6,3.3,4,0.8,0.1,2.7,2.1,13.3,
89,Evan Turner,24,PHI,SF,82,82,35.3,5.4,12.8,0.419,0.7,1.9,0.365,4.7,10.9,0.428,0.446,1.9,2.5,0.74,0.7,5.6,6.3,4.3,0.9,0.2,2.3,2.4,13.3,
90,Serge Ibaka,23,OKC,PF,80,80,31.1,5.6,9.7,0.573,0.3,0.7,0.351,5.3,9,0.591,0.586,1.8,2.4,0.749,2.8,4.9,7.7,0.5,0.4,3,1.6,2.7,13.2,DPOY-3
91,Ersan İlyasova,25,MIL,PF,73,54,27.6,5.1,11,0.462,1.3,2.9,0.444,3.8,8.1,0.469,0.521,1.7,2.2,0.796,2.1,5,7.1,1.6,0.9,0.5,1,2.5,13.2,
92,Nate Robinson,28,CHI,PG,82,23,25.4,4.9,11.2,0.433,1.7,4.2,0.405,3.1,7,0.45,0.51,1.6,2.1,0.799,0.4,1.9,2.2,4.4,1,0.1,1.8,2.5,13.1,6MOY-8
93,Nikola Vučević,22,ORL,C,77,77,33.2,6,11.5,0.519,0,0,0,6,11.5,0.52,0.519,1.1,1.6,0.683,3.5,8.4,11.9,1.9,0.8,1,1.8,2.8,13.1,
94,Wilson Chandler,25,DEN,PF,43,8,25.1,4.9,10.6,0.462,1.2,2.9,0.413,3.7,7.7,0.48,0.519,2,2.6,0.793,1,4,5.1,1.3,1,0.3,1.4,2.8,13,
95,Andre Iguodala,29,DEN,SG,80,80,34.7,5,11,0.451,1.1,3.6,0.317,3.8,7.4,0.515,0.502,1.9,3.4,0.574,1,4.3,5.3,5.4,1.7,0.7,2.6,1.6,13,DPOY-9
96,Jarrett Jack,29,GSW,SG,79,4,29.7,4.9,10.8,0.452,1,2.6,0.404,3.9,8.3,0.466,0.499,2.1,2.5,0.843,0.3,2.8,3.1,5.6,0.8,0.1,2,1.7,12.9,6MOY-3
97,Mo Williams,30,UTA,PG,46,46,30.8,5,11.6,0.43,1.3,3.3,0.383,3.7,8.2,0.449,0.485,1.6,1.8,0.882,0.5,1.9,2.4,6.2,1,0.2,2.7,2.3,12.9,
98,Jeff Green,26,BOS,PF,81,17,27.8,4.6,10,0.467,0.9,2.2,0.385,3.8,7.7,0.49,0.51,2.6,3.3,0.808,0.7,3.2,3.9,1.6,0.7,0.8,1.6,2.2,12.8,
99,Luis Scola,32,PHO,PF,82,67,26.6,5.3,11.2,0.472,0,0.2,0.188,5.2,11,0.477,0.474,2.2,2.8,0.787,1.9,4.7,6.6,2.2,0.8,0.4,1.5,3.1,12.8,
100,Andrea Bargnani,27,TOR,PF,35,25,28.7,4.9,12.2,0.399,1.1,3.5,0.309,3.8,8.7,0.436,0.444,1.9,2.2,0.844,0.7,2.9,3.7,1.1,0.6,0.7,1.5,1.8,12.7,
101,J.J. Hickson,24,POR,C,80,80,29,5.2,9.3,0.562,0,0,0,5.2,9.3,0.563,0.562,2.3,3.4,0.679,3.3,7,10.4,1.1,0.6,0.6,1.8,2,12.7,
102,Steve Nash,38,LAL,PG,50,50,32.5,4.7,9.5,0.497,1.1,2.6,0.438,3.6,6.9,0.519,0.557,2.1,2.3,0.922,0.5,2.3,2.8,6.7,0.6,0.1,2.5,1.4,12.7,
103,Marcus Thornton,25,SAC,SG,72,8,24,4.6,10.8,0.429,2,5.3,0.372,2.7,5.5,0.484,0.52,1.5,1.8,0.881,0.7,1.8,2.5,1.3,0.8,0.1,0.9,1.5,12.7,
104,Nenê,30,WAS,PF,61,49,27.2,4.7,9.7,0.48,0,0,0,4.7,9.7,0.481,0.48,3.2,4.4,0.729,1.7,5,6.7,2.9,0.9,0.6,2.3,2.8,12.6,
105,Andrei Kirilenko,31,MIN,SF,64,64,31.8,4.4,8.8,0.507,0.5,1.9,0.292,3.9,6.9,0.566,0.538,2.9,3.9,0.752,1.6,4.1,5.7,2.8,1.5,1,1.9,1.3,12.4,
106,Metta World Peace,33,LAL,SF,75,66,33.7,4.4,11,0.403,1.9,5.5,0.342,2.5,5.5,0.464,0.488,1.7,2.3,0.734,1.3,3.6,5,1.5,1.6,0.6,1.3,2.6,12.4,
107,Corey Brewer,26,DEN,SF,82,2,24.4,4.6,10.8,0.425,1.1,3.7,0.296,3.5,7,0.493,0.476,1.8,2.6,0.69,0.7,2.2,2.9,1.5,1.4,0.3,1.2,1.9,12.1,6MOY-8
108,Shawn Marion,34,DAL,PF,67,67,30,5.3,10.3,0.514,0.3,1.1,0.315,5,9.2,0.538,0.531,1.2,1.5,0.782,2.2,5.7,7.8,2.4,1.1,0.7,1.5,1.7,12.1,
109,Darren Collison,25,DAL,PG,81,47,29.3,4.2,8.9,0.471,0.6,1.7,0.353,3.6,7.3,0.498,0.504,3,3.4,0.88,0.4,2.3,2.7,5.1,1.2,0.1,2.1,1.7,12,
110,Derrick Williams,21,MIN,PF,78,56,24.6,4.3,10.1,0.43,0.8,2.5,0.332,3.5,7.6,0.463,0.471,2.5,3.5,0.706,1.2,4.3,5.5,0.6,0.6,0.5,1.3,1.6,12,
111,Roy Hibbert,26,IND,C,79,79,28.7,4.9,10.9,0.448,0,0.1,0.25,4.9,10.8,0.449,0.449,2.1,2.8,0.741,3.7,4.6,8.3,1.4,0.5,2.6,2.1,3.5,11.9,DPOY-10
112,Kawhi Leonard,21,SAS,SF,58,57,31.2,4.5,9.1,0.494,1.1,3,0.374,3.4,6.1,0.554,0.556,1.8,2.2,0.825,1.1,4.9,6,1.6,1.7,0.6,1.1,1.7,11.9,
113,Joakim Noah,27,CHI,C,66,64,36.8,4.6,9.5,0.481,0,0.1,0,4.6,9.5,0.485,0.481,2.7,3.6,0.751,3.9,7.2,11.1,4,1.2,2.1,2.7,2.8,11.9,"MVP-12,DPOY-4,AS"
114,Manu Ginóbili,35,SAS,SG,60,0,23.2,3.8,9,0.425,1.4,3.9,0.353,2.4,5.1,0.48,0.502,2.7,3.4,0.796,0.5,2.9,3.4,4.6,1.3,0.2,2.2,1.9,11.8,6MOY-8
115,Tristan Thompson,21,CLE,PF,82,82,31.3,4.8,9.7,0.488,0,0,0,4.8,9.7,0.49,0.488,2.2,3.5,0.608,3.7,5.7,9.4,1.3,0.7,0.9,1.5,2.9,11.7,
116,Jordan Crawford,24,2TM,SG,70,14,24.4,4.3,10.4,0.415,1.2,3.5,0.337,3.1,6.8,0.455,0.472,1.8,2.3,0.811,0.6,2.4,3,3.2,0.6,0.1,2,1.5,11.6,6MOY-7
117,Jordan Crawford,24,WAS,SG,43,12,26.2,4.9,11.8,0.415,1.4,4,0.345,3.5,7.8,0.451,0.473,2,2.5,0.821,0.7,2.4,3.1,3.7,0.6,0.1,2.3,1.4,13.2,
118,Jordan Crawford,24,BOS,SG,27,2,21.6,3.3,8,0.415,0.9,2.8,0.32,2.4,5.3,0.465,0.47,1.6,2,0.792,0.5,2.3,2.7,2.5,0.4,0.1,1.6,1.7,9.1,
119,Kyle Lowry,26,TOR,PG,68,52,29.7,3.7,9.2,0.401,1.5,4.1,0.362,2.2,5.1,0.433,0.482,2.8,3.5,0.795,0.8,3.9,4.7,6.4,1.4,0.4,2.3,3.2,11.6,
120,Kenneth Faried,23,DEN,PF,80,80,28.1,4.8,8.6,0.552,0,0,,4.8,8.6,0.552,0.552,2,3.3,0.613,3.3,5.9,9.2,1,1,1,1.4,2.9,11.5,DPOY-17
121,Luke Ridnour,31,MIN,SG,82,82,30.2,4.5,9.9,0.453,0.8,2.6,0.311,3.7,7.3,0.503,0.493,1.7,2,0.848,0.5,2,2.5,3.8,1,0.2,1.6,2.3,11.5,
122,Rodney Stuckey,26,DET,SG,76,24,28.6,4,9.8,0.406,0.7,2.4,0.302,3.3,7.4,0.44,0.443,2.8,3.6,0.783,0.6,2.2,2.8,3.6,0.7,0.2,1.8,1.7,11.5,
123,Martell Webster,26,WAS,SF,76,62,28.9,3.7,8.4,0.442,1.8,4.3,0.422,1.9,4,0.463,0.551,2.2,2.6,0.848,0.7,3.2,3.9,1.9,0.6,0.2,1.2,2.2,11.4,
124,José Calderón,31,2TM,PG,73,58,29.6,4.3,8.7,0.491,1.8,3.9,0.461,2.5,4.8,0.516,0.594,1,1.1,0.9,0.3,2.1,2.4,7.1,0.8,0.1,1.7,1.4,11.3,
125,José Calderón,31,TOR,PG,45,30,28.3,4.2,8.8,0.47,1.8,4.1,0.429,2.4,4.8,0.505,0.569,1,1.2,0.904,0.3,2,2.4,7.4,0.6,0.1,1.7,1.3,11.1,
126,José Calderón,31,DET,PG,28,28,31.7,4.5,8.5,0.527,1.8,3.5,0.52,2.6,5,0.532,0.635,0.9,1,0.893,0.2,2.3,2.5,6.6,1.1,0.1,1.8,1.5,11.6,
127,J.J. Barea,28,MIN,PG,74,2,23.1,4.3,10.2,0.417,1.3,3.8,0.346,3,6.5,0.458,0.481,1.4,1.8,0.784,0.5,2.3,2.8,4,0.4,0,2,1.8,11.3,
128,Robin Lopez,24,NOH,C,82,82,26,4.7,8.8,0.534,0,0,,4.7,8.8,0.534,0.534,2,2.5,0.778,2.8,2.9,5.6,0.8,0.4,1.6,1.3,2,11.3,
129,Ben Gordon,29,CHA,SG,75,0,20.8,4.1,10.1,0.408,1.5,3.9,0.387,2.6,6.2,0.421,0.482,1.4,1.7,0.843,0.2,1.5,1.7,1.9,0.5,0.2,1.8,1.8,11.2,
130,C.J. Miles,25,CLE,SF,65,13,21,3.9,9.4,0.415,1.9,5,0.384,2,4.4,0.451,0.518,1.4,1.6,0.869,0.4,2.3,2.7,1,0.8,0.3,1.1,2.1,11.2,
131,Marcin Gortat,28,PHO,C,61,61,30.8,4.8,9.3,0.521,0,0,0,4.8,9.2,0.524,0.521,1.5,2.3,0.652,2.1,6.4,8.5,1.2,0.7,1.6,1.6,2.1,11.1,
132,Tobias Harris,20,2TM,SF,55,34,23.6,4.2,9.3,0.455,0.6,2,0.315,3.6,7.3,0.493,0.488,1.9,2.5,0.752,1.3,3.9,5.2,1.3,0.6,0.8,1.2,2.2,11,
133,Tobias Harris,20,MIL,SF,28,14,11.6,1.9,4.1,0.461,0.3,0.8,0.333,1.6,3.4,0.489,0.491,0.8,0.9,0.885,0.6,1.4,2,0.5,0.3,0.3,0.6,1.1,4.9,
134,Tobias Harris,20,ORL,PF,27,20,36.1,6.7,14.7,0.453,1,3.2,0.31,5.7,11.5,0.494,0.487,3,4.1,0.721,2.1,6.4,8.5,2.1,0.9,1.4,1.8,3.3,17.3,
135,Spencer Hawes,24,PHI,C,82,40,27.2,4.6,9.9,0.464,0.4,1.1,0.356,4.2,8.8,0.477,0.483,1.5,1.9,0.777,2.1,5.1,7.2,2.2,0.3,1.4,1.6,2.8,11,
136,Ray Allen,37,MIA,SG,79,0,25.8,3.7,8.2,0.449,1.8,4.2,0.419,1.9,4,0.48,0.555,1.8,2,0.886,0.5,2.2,2.7,1.7,0.8,0.2,1.3,1.6,10.9,
137,Jared Dudley,27,PHO,SF,79,50,27.5,4,8.5,0.468,1.3,3.4,0.391,2.6,5,0.52,0.547,1.6,2.1,0.796,1,2.1,3.1,2.6,0.9,0.1,1.3,1.6,10.9,
138,Kyle Korver,31,ATL,SF,74,60,30.5,3.7,8.1,0.461,2.6,5.6,0.457,1.2,2.5,0.471,0.618,0.9,1.1,0.859,0.3,3.6,4,2,0.9,0.5,0.9,2.3,10.9,
139,Jason Thompson,26,SAC,PF,82,81,27.9,4.6,9.1,0.502,0,0,0,4.6,9,0.504,0.502,1.7,2.5,0.694,2.1,4.6,6.7,1,0.6,0.7,1.2,2.8,10.9,
140,Randy Foye,29,UTA,SG,82,72,27.4,3.6,9,0.397,2.2,5.3,0.41,1.4,3.7,0.378,0.518,1.4,1.8,0.819,0.2,1.3,1.5,2,0.8,0.3,1.1,2.3,10.8,
141,Carl Landry,29,GSW,PF,81,2,23.2,4,7.4,0.54,0,0,0.333,4,7.4,0.541,0.541,2.8,3.4,0.817,2.2,3.7,6,0.8,0.4,0.4,1.4,2.3,10.8,6MOY-8
142,Alan Anderson,30,TOR,SF,65,2,23,3.6,9.5,0.383,1.5,4.4,0.333,2.2,5.1,0.426,0.46,1.9,2.3,0.857,0.5,1.8,2.3,1.6,0.7,0.1,1.2,2,10.7,
143,Ricky Rubio,22,MIN,PG,57,47,29.7,3.2,9,0.36,0.5,1.6,0.293,2.8,7.4,0.374,0.386,3.7,4.6,0.799,0.8,3.2,4,7.3,2.4,0.1,3,2.5,10.7,
144,Carlos Delfino,30,HOU,SF,67,5,25.2,3.7,9.3,0.405,2.4,6.3,0.375,1.4,3,0.467,0.532,0.7,0.8,0.857,0.3,3,3.3,2,1,0.1,1.1,1.7,10.6,
145,Byron Mullens,23,CHA,PF,53,41,26.9,4.1,10.6,0.385,1.2,3.9,0.317,2.8,6.7,0.425,0.444,1.2,1.9,0.646,1.3,5,6.4,1.5,0.6,0.6,1.4,2.1,10.6,
146,Nick Young,27,PHI,SG,59,17,23.9,3.8,9.2,0.413,1.3,3.6,0.357,2.5,5.6,0.449,0.482,1.8,2.2,0.82,0.4,1.8,2.2,1.4,0.6,0.2,0.8,1.4,10.6,
147,Shannon Brown,27,PHO,SG,59,22,23.8,4.1,9.7,0.42,0.7,2.4,0.277,3.4,7.3,0.467,0.454,1.7,2.1,0.784,0.7,1.8,2.5,1.8,1,0.3,1.3,1.6,10.5,
148,Mike Dunleavy,32,MIL,SF,75,3,25.9,3.7,8.3,0.442,1.7,4,0.428,2,4.3,0.455,0.545,1.4,1.7,0.82,0.4,3.5,3.9,1.9,0.5,0.5,1.2,1.8,10.5,
149,Danny Green,25,SAS,SG,80,80,27.5,3.7,8.3,0.448,2.2,5.2,0.429,1.5,3.1,0.48,0.581,0.8,1,0.848,0.5,2.6,3.1,1.8,1.2,0.7,1.2,1.6,10.5,
150,Chris Kaman,30,DAL,C,66,52,20.7,4.7,9.3,0.507,0,0,0,4.7,9.3,0.508,0.507,1,1.3,0.788,1.5,4.2,5.6,0.8,0.4,0.8,1.6,2.1,10.5,
151,Jason Richardson,32,PHI,SG,33,33,28.4,4.1,10.2,0.402,1.7,5.1,0.341,2.4,5.1,0.462,0.487,0.6,1,0.606,0.6,3.3,3.8,1.5,1.2,0.5,0.8,1.7,10.5,
152,Tayshaun Prince,32,2TM,SF,82,81,32.1,4.4,10,0.438,0.5,1.1,0.404,3.9,8.9,0.442,0.461,1.2,1.6,0.738,0.9,3.6,4.4,2.4,0.6,0.3,1.1,1,10.4,
153,Tayshaun Prince,32,DET,SF,45,45,32.4,4.8,10.8,0.444,0.5,1.2,0.434,4.3,9.6,0.445,0.468,1.6,2.1,0.796,1,3.7,4.6,2.5,0.5,0.3,1.2,1,11.7,
154,Tayshaun Prince,32,MEM,SF,37,36,31.7,3.9,9.1,0.429,0.4,1.1,0.366,3.5,8,0.437,0.451,0.6,1,0.595,0.8,3.4,4.2,2.3,0.7,0.3,0.9,1.1,8.8,
155,Patrick Patterson,23,2TM,PF,71,41,25,4.5,8.8,0.512,0.7,1.9,0.386,3.8,6.9,0.546,0.553,0.7,0.9,0.762,1.6,3.2,4.7,1.1,0.4,0.6,0.9,1.9,10.4,
156,Patrick Patterson,23,HOU,PF,47,38,25.9,5,9.7,0.519,0.7,2,0.365,4.3,7.6,0.56,0.557,0.8,1,0.755,1.6,3.1,4.7,1.1,0.4,0.6,0.9,1.9,11.6,
157,Patrick Patterson,23,SAC,PF,24,3,23.2,3.5,7,0.494,0.7,1.5,0.444,2.8,5.5,0.508,0.542,0.5,0.6,0.786,1.7,3.2,4.8,1.3,0.5,0.5,0.8,2,8,
158,Caron Butler,32,LAC,SF,78,78,24.1,3.9,9.2,0.424,1.6,4.2,0.388,2.3,5,0.454,0.513,1,1.2,0.833,0.5,2.3,2.9,1,0.7,0.1,0.9,1.8,10.4,
159,Tyson Chandler,30,NYK,C,66,66,32.8,3.9,6.1,0.638,0,0,,3.9,6.1,0.638,0.638,2.7,3.9,0.694,4.1,6.6,10.7,0.9,0.6,1.1,1.3,2.8,10.4,"DPOY-13,AS"
160,Matt Barnes,32,LAC,SF,80,4,25.7,3.9,8.4,0.462,1.4,4.1,0.342,2.5,4.4,0.574,0.544,1.1,1.5,0.744,1.4,3.2,4.6,1.5,1,0.8,1.1,2.9,10.3,
161,Andray Blatche,26,BRK,C,82,8,19,4.2,8.2,0.512,0,0.3,0.136,4.2,8,0.524,0.514,1.8,2.6,0.685,2,3.1,5.1,1,1,0.7,1.5,2,10.3,
162,Alonzo Gee,25,CLE,SF,82,82,31,3.7,9.1,0.41,0.8,2.7,0.315,2.9,6.4,0.45,0.456,2,2.5,0.795,0.9,3,3.9,1.6,1.3,0.4,1.6,2.4,10.3,
163,Tiago Splitter,28,SAS,PF,81,58,24.7,3.9,7,0.56,0,0,0,3.9,6.9,0.561,0.56,2.6,3.5,0.73,1.8,4.6,6.4,1.6,0.8,0.8,1.2,2,10.3,
164,Ömer Aşık,26,HOU,C,82,82,30,4,7.5,0.541,0,0,0,4,7.5,0.542,0.541,2,3.6,0.562,3.4,8.3,11.7,0.9,0.6,1.1,2.1,2.7,10.1,
165,Michael Beasley,24,PHO,SF,75,20,20.7,4.1,10.2,0.405,0.6,1.9,0.313,3.5,8.3,0.426,0.434,1.3,1.7,0.746,0.7,3.1,3.8,1.5,0.4,0.5,1.9,1.4,10.1,
166,Jason Terry,35,BOS,SG,79,24,26.9,3.6,8.2,0.434,1.6,4.2,0.372,2,4,0.498,0.529,1.4,1.7,0.87,0.2,1.8,2,2.5,0.8,0.1,1.3,1.4,10.1,
167,Amir Johnson,25,TOR,PF,81,38,28.7,4.1,7.5,0.554,0.1,0.2,0.385,4.1,7.3,0.558,0.559,1.7,2.3,0.727,2.8,4.7,7.5,1.5,1,1.4,1.4,3.7,10,
168,Devin Harris,29,ATL,SG,58,34,24.5,3.3,7.6,0.438,1.3,4,0.335,2,3.7,0.549,0.525,1.9,2.7,0.727,0.1,1.9,2,3.4,1.1,0.2,1.5,1.8,9.9,
169,Will Bynum,30,DET,PG,65,0,18.8,3.9,8.3,0.469,0.4,1.2,0.316,3.5,7.1,0.494,0.491,1.6,2,0.809,0.4,1.1,1.5,3.6,0.7,0.1,1.9,2,9.8,
170,Richard Hamilton,34,CHI,SG,50,45,21.8,4.1,9.5,0.429,0.3,1,0.308,3.8,8.5,0.444,0.446,1.3,1.5,0.857,0.3,1.3,1.7,2.4,0.5,0.1,1.7,1.9,9.8,
171,Larry Sanders,24,MIL,C,71,55,27.3,4.3,8.5,0.506,0,0,0,4.3,8.5,0.507,0.506,1.2,1.9,0.618,3.2,6.3,9.5,1.2,0.7,2.8,1.2,3.3,9.8,DPOY-7
172,Emeka Okafor,30,WAS,C,79,77,26,4.2,8.7,0.477,0,0,,4.2,8.7,0.477,0.477,1.4,2.4,0.571,2.5,6.2,8.8,1.2,0.6,1,1.4,1.8,9.7,
173,Marco Belinelli,26,CHI,SG,73,27,25.8,3.3,8.4,0.395,1.1,3,0.357,2.2,5.3,0.416,0.46,1.9,2.3,0.839,0.2,1.7,1.9,2,0.6,0.1,1.1,1.9,9.6,
174,Andre Miller,36,DEN,PG,82,11,26.2,3.7,7.7,0.479,0.2,0.8,0.266,3.5,6.9,0.504,0.493,2,2.4,0.84,0.7,2.2,2.9,5.9,0.9,0.1,2.1,1.9,9.6,6MOY-6
175,Trevor Ariza,27,WAS,SF,56,15,26.3,3.4,8.1,0.417,1.4,3.7,0.364,2,4.3,0.463,0.501,1.4,1.7,0.821,0.8,4,4.8,2,1.3,0.4,1.5,1.3,9.5,DPOY-17
176,Gary Neal,28,SAS,SG,68,17,21.8,3.6,8.8,0.412,1.3,3.7,0.355,2.3,5.1,0.454,0.487,0.9,1.1,0.865,0.2,1.9,2.1,1.9,0.4,0,1,1.4,9.5,
177,Chase Budinger,24,MIN,SF,23,1,22.1,3.4,8.3,0.414,1.1,3.5,0.321,2.3,4.8,0.482,0.482,1.4,1.8,0.762,0.7,2.4,3.1,1.1,0.6,0.3,1,1.3,9.4,
178,Derrick Favors,21,UTA,PF,77,8,23.2,3.6,7.4,0.482,0,0.1,0,3.6,7.3,0.487,0.482,2.3,3.4,0.688,2.4,4.7,7.1,1,0.9,1.7,1.7,3.2,9.4,
179,Antawn Jamison,36,LAL,PF,76,6,21.5,3.5,7.6,0.464,1.1,3.1,0.361,2.4,4.5,0.535,0.537,1.2,1.8,0.691,1.4,3.3,4.8,0.7,0.4,0.3,0.7,1.6,9.4,
180,Harrison Barnes,20,GSW,SF,81,81,25.4,3.4,7.8,0.439,0.6,1.8,0.359,2.8,6,0.464,0.481,1.8,2.3,0.758,0.7,3.5,4.1,1.2,0.6,0.2,1.2,1.7,9.2,ROY-6
181,Avery Bradley,22,BOS,PG,50,50,28.7,3.8,9.6,0.402,0.8,2.5,0.317,3,7,0.432,0.444,0.7,1,0.755,0.6,1.6,2.2,2.1,1.3,0.4,1.4,2.6,9.2,DPOY-12
182,Dorell Wright,27,PHI,SF,79,8,22.6,3,7.6,0.396,1.7,4.6,0.374,1.3,3,0.429,0.508,1.5,1.8,0.851,0.5,3.3,3.8,1.9,0.8,0.4,0.8,1.2,9.2,
183,JaVale McGee,25,DEN,C,79,0,18.1,3.8,6.7,0.575,0,0,1,3.8,6.7,0.574,0.576,1.4,2.4,0.591,2,2.8,4.8,0.3,0.4,2,1.1,2.3,9.1,
184,Kevin Séraphin,23,WAS,C,79,8,21.8,4.2,9.1,0.461,0,0,,4.2,9.1,0.461,0.461,0.8,1.1,0.693,1.4,3,4.4,0.7,0.3,0.7,1.6,2.7,9.1,
185,Michael Kidd-Gilchrist,19,CHA,SF,78,77,26,3.6,7.9,0.458,0,0.1,0.222,3.6,7.7,0.462,0.46,1.8,2.4,0.749,1.7,4.2,5.8,1.5,0.7,0.9,1.3,2.1,9,ROY-8
186,Tony Allen,31,MEM,SG,79,79,26.7,3.6,8.1,0.445,0,0.3,0.125,3.6,7.8,0.458,0.447,1.7,2.4,0.717,1.5,3.1,4.6,1.2,1.5,0.6,1.2,2.7,8.9,DPOY-5
187,Jonas Valančiūnas,20,TOR,C,62,57,23.9,3.3,5.9,0.557,0,0,,3.3,5.9,0.557,0.557,2.4,3,0.789,2,4,6,0.7,0.3,1.3,1.5,3,8.9,ROY-9
188,DeAndre Jordan,24,LAC,C,82,82,24.5,3.8,6,0.643,0,0,,3.8,6,0.643,0.643,1.2,3,0.386,2.6,4.7,7.2,0.3,0.6,1.4,1.2,2.3,8.8,
189,John Salmons,33,SAC,SF,76,72,30,3.2,8.1,0.399,1.3,3.5,0.371,1.9,4.5,0.42,0.48,1.1,1.4,0.773,0.4,2.3,2.7,3,0.7,0.3,1.1,1.9,8.8,
190,Kyle Singler,24,DET,SF,82,74,28,3.4,7.8,0.428,0.9,2.4,0.35,2.5,5.4,0.464,0.483,1.2,1.5,0.806,1.3,2.7,4,0.9,0.7,0.5,1.2,2.6,8.8,
191,Lance Stephenson,22,IND,SG,78,72,29.2,3.5,7.7,0.46,0.8,2.4,0.33,2.7,5.3,0.52,0.512,1,1.5,0.652,0.6,3.3,3.9,2.9,1,0.2,1.4,2.1,8.8,
192,Brandon Bass,27,BOS,PF,81,69,27.6,3.5,7.3,0.486,0,0,0,3.5,7.2,0.487,0.486,1.6,1.9,0.86,1.6,3.7,5.2,1,0.5,0.8,1,2.3,8.7,
193,Jerryd Bayless,24,MEM,PG,80,4,22.1,3.3,7.8,0.419,0.9,2.5,0.353,2.4,5.3,0.45,0.476,1.3,1.5,0.836,0.3,1.9,2.2,3.3,0.7,0.2,1.5,2.1,8.7,
194,Chris Copeland,28,NYK,PF,56,13,15.4,3.3,6.8,0.479,1.1,2.5,0.421,2.2,4.3,0.513,0.557,1.1,1.5,0.759,0.6,1.5,2.1,0.5,0.3,0.2,0.9,1.9,8.7,ROY-6
195,Dante Cunningham,25,MIN,PF,80,9,25.1,3.9,8.4,0.468,0,0.1,0,3.9,8.3,0.472,0.468,0.8,1.3,0.65,1.8,3.3,5.1,0.8,1.1,0.5,0.7,1.9,8.7,
196,Jimmy Butler,23,CHI,SF,82,20,26,2.9,6.2,0.467,0.5,1.3,0.381,2.4,5,0.489,0.506,2.3,2.8,0.803,1.7,2.3,4,1.4,1,0.4,0.8,1.2,8.6,DPOY-17
197,Mario Chalmers,26,MIA,PG,77,77,26.9,2.9,6.9,0.429,1.6,3.9,0.409,1.4,3,0.456,0.545,1.2,1.5,0.795,0.2,2,2.2,3.5,1.5,0.2,1.5,2.5,8.6,
198,Alexey Shved,24,MIN,SG,77,16,23.9,3.1,8.2,0.372,1.1,3.7,0.295,2,4.5,0.435,0.439,1.4,1.9,0.72,0.5,1.7,2.3,3.7,0.7,0.4,1.9,1.5,8.6,
199,Eric Bledsoe,23,LAC,PG,76,12,20.4,3.3,7.5,0.445,0.4,1,0.397,2.9,6.4,0.453,0.473,1.4,1.8,0.791,1,1.9,3,3.1,1.4,0.7,1.8,1.5,8.5,
200,Brandan Wright,25,DAL,C,64,16,18,3.8,6.3,0.597,0,0,0,3.8,6.3,0.601,0.597,0.9,1.5,0.615,1.3,2.7,4.1,0.6,0.4,1.2,0.5,1.2,8.5,
201,Chauncey Billups,36,LAC,SG,22,22,19,2.4,6,0.402,1.5,4.1,0.367,0.9,1.9,0.476,0.527,2,2.2,0.938,0.1,1.4,1.5,2.2,0.5,0,1.2,1.1,8.4,
202,Marreese Speights,25,2TM,C,79,3,16.5,3.3,7.4,0.445,0,0.1,0.3,3.3,7.3,0.448,0.448,1.7,2.2,0.771,1.8,3,4.9,0.6,0.3,0.7,1,2.2,8.3,
203,Marreese Speights,25,MEM,C,40,2,14.5,2.7,6.2,0.429,0.1,0.1,0.4,2.6,6.1,0.43,0.433,1.2,1.7,0.716,1.9,2.8,4.7,0.5,0.3,0.7,0.9,2.2,6.6,
204,Marreese Speights,25,CLE,C,39,1,18.5,3.9,8.6,0.457,0,0.1,0.2,3.9,8.5,0.461,0.458,2.2,2.8,0.806,1.8,3.3,5.1,0.7,0.4,0.7,1.2,2.3,10.2,
205,Jermaine O'Neal,34,PHO,C,55,4,18.7,3.3,6.7,0.482,0,0,,3.3,6.7,0.482,0.482,1.7,2.1,0.835,1.5,3.8,5.3,0.8,0.3,1.4,1.3,2.3,8.3,
206,Beno Udrih,30,2TM,SG,66,9,22.1,3.2,7.2,0.441,0.5,1.5,0.333,2.7,5.7,0.471,0.477,1.3,1.6,0.816,0.5,1.6,2.1,4.6,0.6,0,1.6,1.4,8.2,
207,Beno Udrih,30,MIL,SG,39,0,18.4,2.9,6.1,0.475,0.3,1.3,0.265,2.6,4.8,0.529,0.502,0.6,0.8,0.727,0.4,1.6,2,3.5,0.4,0.1,1.4,1,6.7,
208,Beno Udrih,30,ORL,PG,27,9,27.3,3.6,8.8,0.408,0.8,2,0.396,2.8,6.9,0.411,0.452,2.2,2.6,0.857,0.6,1.7,2.3,6.1,0.9,0,2,1.9,10.2,
209,Maurice Harkless,19,ORL,SF,76,59,26,3.4,7.4,0.461,0.4,1.5,0.274,3,5.9,0.51,0.489,1,1.7,0.57,1.6,2.8,4.4,0.7,1.2,0.8,0.9,1.9,8.2,
210,Markieff Morris,23,PHO,PF,82,32,22.4,3.2,8,0.407,0.5,1.6,0.336,2.7,6.3,0.426,0.442,1.1,1.5,0.732,1.6,3.2,4.8,1.3,0.9,0.8,1.3,2.5,8.2,
211,Jason Smith,26,NOH,C,51,0,17.2,3.3,6.7,0.49,0,0.1,0,3.3,6.6,0.496,0.49,1.7,2,0.843,1.3,2.4,3.6,0.7,0.3,0.9,1.1,2.4,8.2,
212,Taj Gibson,27,CHI,PF,65,5,22.4,3.3,6.8,0.485,0,0.1,0,3.3,6.7,0.49,0.485,1.4,2,0.679,1.9,3.4,5.3,0.9,0.4,1.4,1.2,2.6,8,
213,Wesley Johnson,25,PHO,SF,50,21,19.1,3.2,7.9,0.407,1,3.1,0.323,2.2,4.8,0.461,0.47,0.5,0.7,0.771,0.4,2,2.5,0.7,0.4,0.4,1,1.1,8,
214,Kosta Koufos,23,DEN,C,81,81,22.4,3.6,6.3,0.581,0,0,0,3.6,6.3,0.582,0.581,0.7,1.3,0.558,2.6,4.3,6.9,0.4,0.5,1.3,0.7,3,8,
215,Wayne Ellington,25,2TM,SG,78,21,21.3,2.9,6.8,0.427,1.2,3.1,0.392,1.7,3.7,0.457,0.516,0.9,1,0.907,0.3,1.8,2.1,1.3,0.6,0,0.7,1,7.9,
216,Wayne Ellington,25,MEM,SG,40,4,16.9,2,5,0.407,1,2.4,0.423,1,2.6,0.392,0.51,0.4,0.4,0.938,0.1,1.2,1.3,1.1,0.4,0,0.6,1,5.5,
217,Wayne Ellington,25,CLE,SG,38,17,25.9,3.8,8.7,0.439,1.4,3.8,0.371,2.4,4.9,0.492,0.52,1.4,1.6,0.898,0.5,2.5,3,1.6,0.8,0.1,0.9,1.1,10.4,
218,Andre Drummond,19,DET,C,60,10,20.7,3.5,5.7,0.608,0,0,0.5,3.5,5.7,0.609,0.61,1,2.7,0.371,2.8,4.8,7.6,0.5,1,1.6,1,2.4,7.9,ROY-4
219,Jodie Meeks,25,LAL,SG,78,10,21.3,2.6,6.8,0.387,1.6,4.4,0.357,1.1,2.4,0.441,0.502,1.1,1.2,0.896,0.5,1.7,2.2,0.9,0.7,0.1,0.7,1.3,7.9,
220,Tyler Zeller,23,CLE,C,77,55,26.4,3.2,7.3,0.438,0,0.1,0,3.2,7.2,0.441,0.438,1.6,2,0.764,2.1,3.6,5.7,1.2,0.5,0.9,1.2,3.3,7.9,
221,Courtney Lee,27,BOS,SG,78,39,24.9,3.2,6.8,0.464,0.7,2,0.372,2.4,4.8,0.503,0.519,0.8,0.9,0.861,0.4,2,2.4,1.8,1.1,0.3,1.1,1.8,7.8,
222,E'Twaun Moore,23,ORL,SG,75,21,22.4,3.2,8,0.396,0.9,2.6,0.34,2.3,5.3,0.424,0.452,0.6,0.8,0.797,0.6,1.6,2.2,2.7,0.7,0.3,1.4,1.6,7.8,
223,Andrew Nicholson,23,ORL,PF,75,28,16.7,3.4,6.5,0.527,0,0,,3.4,6.5,0.527,0.527,1,1.3,0.798,0.9,2.5,3.4,0.6,0.3,0.4,1.1,1.8,7.8,
224,Ed Davis,23,2TM,PF,81,28,20.1,3.2,6,0.539,0,0,,3.2,6,0.539,0.539,1.3,2.1,0.617,1.9,3.8,5.7,0.8,0.5,1,0.8,2.4,7.7,
225,Ed Davis,23,TOR,C,45,24,24.2,4.1,7.5,0.549,0,0,,4.1,7.5,0.549,0.549,1.5,2.3,0.647,2.1,4.6,6.7,1.2,0.6,0.8,1,2.5,9.7,
226,Ed Davis,23,MEM,PF,36,4,15.1,2.1,4,0.517,0,0,,2.1,4,0.517,0.517,1,1.8,0.569,1.6,2.9,4.4,0.2,0.4,1.3,0.5,2.2,5.1,
227,Marcus Morris,23,2TM,PF,77,23,19.8,2.9,6.8,0.422,1.1,3,0.369,1.8,3.8,0.464,0.504,0.9,1.5,0.564,1,2.6,3.6,0.8,0.6,0.3,1,2.1,7.7,
228,Marcus Morris,23,HOU,PF,54,17,21.4,3.2,7.4,0.428,1.4,3.6,0.381,1.8,3.8,0.471,0.52,0.9,1.4,0.653,1.2,2.9,4.1,0.9,0.5,0.3,1,2.2,8.6,
229,Marcus Morris,23,PHO,SF,23,6,16.1,2.2,5.5,0.405,0.5,1.7,0.308,1.7,3.8,0.448,0.452,0.7,1.8,0.405,0.7,1.8,2.5,0.7,0.8,0.2,1,1.7,5.7,
230,Kirk Hinrich,32,CHI,PG,60,60,29.4,2.7,7,0.377,1.2,3,0.39,1.5,4,0.367,0.461,1.2,1.6,0.714,0.3,2.4,2.6,5.2,1.1,0.4,1.7,3.2,7.7,
231,Jonas Jerebko,25,DET,PF,49,2,18.2,2.9,6.4,0.449,0.5,1.7,0.301,2.4,4.8,0.502,0.489,1.4,1.8,0.773,1.4,2.4,3.8,0.9,0.8,0.2,0.9,1.8,7.7,
232,A.J. Price,26,WAS,PG,57,22,22.4,2.8,7.2,0.39,1.2,3.5,0.35,1.6,3.7,0.427,0.475,0.9,1.1,0.79,0.4,1.6,2,3.6,0.6,0.1,1.1,1.3,7.7,
233,Gerald Wallace,30,BRK,SF,69,68,30.1,2.6,6.6,0.397,0.7,2.4,0.282,2,4.3,0.461,0.448,1.8,2.8,0.637,1,3.6,4.6,2.6,1.4,0.7,1.6,1.7,7.7,
234,Thabo Sefolosha,28,OKC,SG,81,81,27.5,2.8,5.8,0.481,1.3,3.2,0.419,1.4,2.6,0.558,0.597,0.7,0.9,0.826,0.7,3.2,3.9,1.5,1.3,0.5,0.8,2.2,7.6,
235,Toney Douglas,26,2TM,PG,71,0,18.2,2.6,6.6,0.403,1.2,3,0.38,1.5,3.5,0.424,0.491,1.1,1.2,0.905,0.5,1.5,1.9,2.1,1,0,1.1,2,7.5,
236,Toney Douglas,26,HOU,PG,49,0,18.6,2.8,7.2,0.395,1.2,3.3,0.377,1.6,3.9,0.411,0.482,1.2,1.4,0.882,0.5,1.4,1.8,1.9,0.8,0,1.1,2.1,8.1,
237,Toney Douglas,26,SAC,PG,22,0,17.1,2.2,5.2,0.43,1,2.5,0.389,1.3,2.7,0.467,0.522,0.7,0.7,1,0.5,1.7,2.2,2.6,1.4,0,1.1,1.9,6.1,
238,Linas Kleiza,28,TOR,SF,20,3,18.8,2.4,7.2,0.333,1,3.3,0.303,1.4,3.9,0.359,0.403,1.6,1.9,0.842,0.5,2.1,2.6,0.8,0.2,0.1,0.7,2.3,7.4,
239,Al-Farouq Aminu,22,NOH,SF,76,71,27.2,3,6.2,0.475,0.1,0.3,0.211,2.9,6,0.486,0.479,1.3,1.8,0.737,1.8,5.9,7.7,1.4,1.2,0.7,1.5,2,7.3,
240,Steve Blake,32,LAL,PG,45,13,26.1,2.5,6,0.422,1.6,3.8,0.421,0.9,2.2,0.424,0.556,0.6,0.8,0.771,0.5,2.5,2.9,3.8,0.8,0.1,1.4,1.8,7.3,
241,Earl Clark,25,LAL,PF,59,36,23.1,2.9,6.5,0.44,0.6,1.8,0.337,2.3,4.8,0.479,0.486,0.9,1.3,0.697,1.4,4.1,5.5,1.1,0.6,0.7,1.1,1.7,7.3,
242,Elton Brand,33,DAL,C,72,18,21.2,3.1,6.6,0.473,0,0,0,3.1,6.6,0.474,0.473,0.9,1.3,0.71,1.8,4.2,6,1,0.7,1.3,0.8,2.7,7.2,
243,Jimmer Fredette,23,SAC,SG,69,0,14,2.5,5.9,0.421,0.9,2.3,0.417,1.6,3.7,0.423,0.5,1.2,1.4,0.859,0.3,0.8,1,1.3,0.4,0,1,0.9,7.2,
244,Enes Freedom,20,UTA,C,70,2,15.4,2.9,5.4,0.544,0,0,1,2.9,5.4,0.542,0.545,1.3,1.7,0.795,1.9,2.4,4.3,0.4,0.4,0.5,1.4,1.7,7.2,
245,Kenyon Martin,35,NYK,C,18,11,23.9,3.1,5.2,0.602,0,0,,3.1,5.2,0.602,0.602,0.9,2.2,0.425,1.9,3.4,5.3,0.4,0.9,0.9,0.9,3.6,7.2,
246,Marvin Williams,26,UTA,SF,73,51,23.7,2.7,6.4,0.423,0.7,2.3,0.325,2,4.2,0.477,0.481,1.1,1.4,0.778,0.8,2.8,3.6,1.1,0.5,0.5,0.8,1.3,7.2,
247,Aaron Brooks,28,2TM,PG,53,20,18.8,2.7,6,0.453,0.9,2.5,0.373,1.8,3.4,0.511,0.532,0.8,1,0.769,0.2,1.3,1.5,2.2,0.6,0.2,1.3,1.8,7.1,
248,Aaron Brooks,28,SAC,PG,46,20,20.8,3,6.6,0.459,1,2.8,0.378,2,3.8,0.517,0.538,0.9,1.1,0.769,0.3,1.4,1.7,2.3,0.6,0.2,1.4,1.9,8,
249,Aaron Brooks,28,HOU,PG,7,0,5.4,0.6,1.9,0.308,0.3,1,0.286,0.3,0.9,0.333,0.385,0,0,,0.1,0.1,0.3,0.9,0.1,0.4,0.6,0.7,1.4,
250,Brian Roberts,27,NOH,PG,78,5,17,2.7,6.6,0.417,0.8,2,0.386,2,4.6,0.43,0.475,0.9,1,0.909,0.2,1,1.2,2.8,0.5,0,0.9,1.4,7.1,
251,Alec Burks,21,UTA,SG,64,0,17.8,2.5,6.1,0.42,0.5,1.4,0.359,2,4.6,0.439,0.463,1.4,2,0.713,0.6,1.7,2.3,1.4,0.5,0.2,1.2,1.8,7,
252,Gerald Green,27,IND,SF,60,7,18,2.6,7.1,0.366,1,3.1,0.314,1.6,3.9,0.407,0.435,0.9,1.1,0.8,0.5,1.8,2.4,0.8,0.3,0.4,0.9,1.1,7,
253,Tyler Hansbrough,27,IND,PF,81,8,16.9,2.2,5,0.432,0,0,0,2.2,5,0.436,0.432,2.7,3.7,0.72,2,2.6,4.6,0.4,0.4,0.2,1,1.9,7,
254,Brandon Rush,27,GSW,SF,2,0,12.5,3,4.5,0.667,0,1,0,3,3.5,0.857,0.667,1,1.5,0.667,0,0.5,0.5,1,0,0,1.5,2.5,7,
255,Rasheed Wallace,38,NYK,C,21,0,14.1,2.6,6.8,0.387,1,3.3,0.319,1.6,3.5,0.452,0.465,0.7,1,0.7,0.5,3.4,4,0.3,0.6,0.7,0.5,1.9,7,
256,Hakim Warrick,30,2TM,PF,28,14,17.5,2.4,5.9,0.406,0,0.1,0,2.4,5.8,0.414,0.406,2.1,3.1,0.682,0.8,2.4,3.2,0.9,0.5,0.2,1,1.3,6.9,
257,Hakim Warrick,30,NOH,PF,1,0,7,1,2,0.5,0,0,,1,2,0.5,0.5,2,2,1,0,0,0,0,1,0,0,0,4,
258,Hakim Warrick,30,CHA,PF,27,14,17.9,2.4,6,0.405,0,0.1,0,2.4,5.9,0.413,0.405,2.1,3.2,0.674,0.8,2.5,3.3,0.9,0.4,0.2,1.1,1.4,7,
259,Jason Maxiell,29,DET,PF,72,71,24.8,2.8,6.3,0.446,0,0,,2.8,6.3,0.446,0.446,1.3,2,0.621,1.9,3.8,5.7,0.8,0.4,1.3,1.1,2.4,6.9,
260,Jeremy Pargo,26,2TM,PG,39,11,16.8,2.5,6.4,0.396,0.6,1.9,0.338,1.9,4.5,0.42,0.446,1.1,1.6,0.677,0.2,1.1,1.3,2.4,0.3,0.1,1.3,1.2,6.8,
261,Jeremy Pargo,26,CLE,PG,25,11,17.9,3,7.5,0.401,0.7,2.3,0.316,2.3,5.2,0.438,0.449,1.1,1.6,0.683,0.3,1,1.3,2.6,0.5,0.1,1.5,1.3,7.8,
262,Jeremy Pargo,26,PHI,SG,14,0,14.9,1.7,4.5,0.381,0.5,1.2,0.412,1.2,3.3,0.37,0.437,1,1.5,0.667,0.1,1.1,1.2,2,0.1,0,0.9,1,4.9,
263,Iman Shumpert,22,NYK,SG,45,45,22.1,2.4,6.1,0.396,1.1,2.8,0.402,1.3,3.3,0.392,0.489,0.8,1,0.766,0.7,2.3,3,1.7,1,0.2,0.8,2.2,6.8,
264,Charlie Villanueva,28,DET,PF,69,0,15.8,2.5,6.7,0.377,1.3,3.8,0.347,1.2,3,0.415,0.474,0.4,0.7,0.551,0.7,2.8,3.5,0.8,0.4,0.6,0.6,1.4,6.8,
265,C.J. Watson,28,BRK,PG,80,8,19,2.4,5.7,0.418,1.1,2.7,0.411,1.3,3.1,0.424,0.514,0.9,1.1,0.78,0.5,1.3,1.8,2,0.8,0.2,0.9,1.5,6.8,
266,Samuel Dalembert,31,MIL,C,47,23,16.3,2.9,5.4,0.542,0,0,1,2.9,5.4,0.54,0.543,0.8,1.2,0.691,2.2,3.6,5.9,0.4,0.4,1.1,1.1,1.9,6.7,
267,Jordan Hill,25,LAL,PF,29,1,15.8,2.7,5.3,0.497,0,0.1,0,2.7,5.3,0.503,0.497,1.4,2.1,0.656,2.8,2.9,5.7,0.4,0.3,0.7,0.9,1.9,6.7,
268,Josh Howard,32,MIN,SF,11,4,18.8,2.8,7,0.403,0.5,1.5,0.313,2.4,5.5,0.426,0.435,0.6,1.1,0.583,0.8,2.5,3.3,0.4,0.9,0.3,0.9,1.6,6.7,
269,Luc Mbah a Moute,26,MIL,SF,58,45,22.9,2.6,6.5,0.401,0.2,0.6,0.351,2.4,5.9,0.406,0.418,1.2,2.2,0.571,1.5,2.9,4.4,0.9,0.7,0.2,1.2,1.4,6.7,
270,Shane Battier,34,MIA,SF,72,20,24.8,2.1,5,0.42,1.9,4.4,0.43,0.2,0.6,0.348,0.608,0.4,0.5,0.842,0.5,1.8,2.3,1,0.6,0.8,0.5,2.1,6.6,6MOY-12
271,Ivan Johnson,28,ATL,PF,69,5,15,2.7,5.2,0.52,0,0.2,0.077,2.7,5,0.536,0.521,1.2,1.9,0.618,1.1,2.8,3.9,0.7,0.8,0.2,1,1.9,6.6,
272,Cartier Martin,28,WAS,SF,41,3,16.9,2.3,6.1,0.381,1.4,3.6,0.397,0.9,2.6,0.358,0.496,0.5,0.7,0.714,0.3,2.2,2.4,0.5,0.5,0.1,0.8,1.4,6.6,
273,Steve Novak,29,NYK,SF,81,1,20.3,2.2,5.3,0.414,1.8,4.3,0.425,0.4,1,0.367,0.587,0.4,0.4,0.909,0.2,1.7,1.9,0.4,0.3,0.1,0.1,1.2,6.6,
274,Jannero Pargo,33,3TM,PG,32,0,15.8,2.4,6.6,0.368,1.2,3.6,0.336,1.2,3,0.406,0.46,0.4,0.4,0.923,0.3,0.8,1.1,2.1,0.6,0.1,1.3,1.3,6.5,
275,Jannero Pargo,33,WAS,PG,7,0,14.6,1.1,4.6,0.25,0.4,2.9,0.15,0.7,1.7,0.417,0.297,0.3,0.3,1,0,0.9,0.9,2,0,0.1,1.1,1.1,3,
276,Jannero Pargo,33,ATL,PG,7,0,16.1,1.9,5.4,0.342,1,2.9,0.35,0.9,2.6,0.333,0.434,0.3,0.3,1,0.1,0.9,1,2.7,0.4,0,0.7,1.1,5,
277,Jannero Pargo,33,CHA,PG,18,0,16.2,3.2,7.9,0.401,1.6,4.2,0.382,1.6,3.7,0.424,0.504,0.4,0.5,0.889,0.5,0.7,1.2,1.9,0.8,0.1,1.6,1.4,8.4,
278,Quincy Pondexter,24,MEM,SF,59,1,21.1,2.2,5.1,0.428,1,2.6,0.395,1.2,2.5,0.463,0.528,1,1.3,0.787,0.7,1.5,2.2,1,0.6,0.1,0.7,1.6,6.4,
279,Terrence Ross,21,TOR,SG,73,2,17,2.5,6.3,0.407,0.9,2.7,0.332,1.7,3.6,0.464,0.478,0.4,0.6,0.714,0.5,1.5,2,0.7,0.6,0.2,0.7,1.7,6.4,
280,P.J. Tucker,27,PHO,SG,79,45,24.2,2.7,5.6,0.473,0.3,0.9,0.314,2.4,4.7,0.503,0.498,0.8,1.1,0.744,1.7,2.8,4.4,1.4,0.8,0.2,0.8,1.8,6.4,
281,Damien Wilkins,33,PHI,SG,61,21,18,2.4,5.2,0.459,0.3,0.8,0.333,2.1,4.3,0.483,0.486,1.3,1.8,0.743,0.5,1.2,1.7,1.5,0.6,0.3,0.8,1.6,6.4,
282,Shaun Livingston,27,2TM,PG,66,16,22,2.5,5.2,0.48,0,0.1,0,2.5,5.2,0.485,0.48,1.3,1.5,0.867,0.5,1.9,2.4,3.3,0.7,0.5,1.2,1.9,6.3,
283,Shaun Livingston,27,WAS,PG,17,4,18.8,1.4,3.9,0.364,0,0.2,0,1.4,3.7,0.381,0.364,0.9,0.9,1,0.1,2.1,2.2,2.2,0.6,0.1,1,1.3,3.7,
284,Shaun Livingston,27,CLE,PG,49,12,23.2,2.9,5.7,0.507,0,0,0,2.9,5.7,0.509,0.507,1.4,1.7,0.843,0.6,1.9,2.5,3.6,0.8,0.6,1.2,2.1,7.2,
285,Willie Green,31,LAC,SG,72,60,16.5,2.5,5.4,0.461,1,2.3,0.428,1.5,3.1,0.486,0.553,0.3,0.4,0.719,0.2,1.1,1.3,0.8,0.4,0.2,0.4,1.3,6.3,
286,Stephen Jackson,34,SAS,SF,55,6,19.5,2.2,6,0.373,0.8,3.1,0.271,1.4,2.9,0.481,0.442,0.9,1.3,0.7,0.4,2.4,2.8,1.5,0.7,0.3,1.4,1.6,6.2,
287,Austin Rivers,20,NOH,SG,61,26,23.2,2.4,6.4,0.372,0.5,1.4,0.326,1.9,5,0.385,0.408,1,1.8,0.546,0.3,1.5,1.8,2.1,0.4,0.1,1.2,2,6.2,
288,Darrell Arthur,24,MEM,PF,59,3,16.4,2.7,6.1,0.451,0.1,0.3,0.278,2.7,5.8,0.46,0.458,0.6,0.8,0.717,1.2,1.7,2.9,0.6,0.4,0.6,0.7,2.1,6.1,
289,Mike James,37,DAL,PG,45,23,19.2,2.2,6,0.373,1.1,2.8,0.384,1.2,3.2,0.363,0.461,0.5,0.6,0.793,0.2,1.4,1.6,3.1,0.6,0.1,1.2,2.1,6.1,
290,John Jenkins,21,ATL,SG,61,2,14.8,2.1,4.8,0.446,0.9,2.3,0.384,1.3,2.6,0.5,0.536,1,1.1,0.843,0.3,1.3,1.5,0.9,0.2,0.2,0.7,0.6,6.1,ROY-10
291,Khris Middleton,21,DET,SG,27,0,17.6,2.3,5.2,0.44,0.5,1.7,0.311,1.8,3.6,0.5,0.489,1,1.2,0.844,0.1,1.7,1.9,1,0.6,0.1,0.4,2,6.1,
292,Jeff Taylor,23,CHA,SF,77,29,19.6,2.2,5.2,0.431,0.7,2,0.344,1.5,3.2,0.486,0.497,1,1.3,0.728,0.7,1.3,1.9,0.8,0.6,0.2,0.6,1.8,6.1,
293,Josh McRoberts,25,2TM,PF,67,22,22.2,2.3,5.1,0.455,0.4,1.3,0.286,2,3.9,0.51,0.49,1,1.3,0.765,1.4,3.5,4.9,2.1,0.5,0.4,1,2,6,
294,Josh McRoberts,25,ORL,PF,41,3,16.7,1.5,3.7,0.392,0.4,1.3,0.309,1,2.4,0.439,0.448,0.5,0.7,0.733,1,2.3,3.3,1.7,0.2,0.3,0.7,1.6,3.9,
295,Josh McRoberts,25,CHA,PF,26,19,30.8,3.7,7.3,0.505,0.3,1.1,0.241,3.4,6.2,0.553,0.524,1.7,2.1,0.782,2,5.2,7.2,2.7,0.8,0.6,1.5,2.5,9.3,
296,DeMarre Carroll,26,UTA,SF,66,12,16.8,2.3,4.9,0.46,0.3,1.1,0.286,2,3.8,0.508,0.491,1.1,1.5,0.765,1.3,1.5,2.8,0.9,0.9,0.4,0.5,1.8,6,
297,John Henson,22,MIL,PF,63,9,13.1,2.6,5.3,0.482,0,0,0,2.6,5.3,0.486,0.482,0.9,1.7,0.533,1.8,2.9,4.7,0.5,0.3,0.7,0.7,1.3,6,
298,Jason Kidd,39,NYK,SG,76,48,26.9,2,5.4,0.372,1.5,4.3,0.351,0.5,1.1,0.452,0.511,0.5,0.6,0.833,0.7,3.6,4.3,3.3,1.6,0.3,1,1.6,6,
299,Greg Smith,22,HOU,C,70,10,15.9,2.4,3.9,0.62,0,0,0,2.4,3.9,0.623,0.62,1.2,1.9,0.623,1.6,3,4.6,0.4,0.3,0.6,0.6,2.5,6,
300,Jared Sullinger,20,BOS,PF,45,5,19.8,2.5,5,0.493,0,0.1,0.2,2.4,4.9,0.5,0.496,1,1.4,0.746,2,3.8,5.9,0.8,0.5,0.5,0.6,3.4,6,
301,Zaza Pachulia,28,ATL,C,52,15,21.8,2.2,4.6,0.473,0,0.1,0,2.2,4.6,0.479,0.473,1.5,2,0.757,2.5,3.9,6.5,1.5,0.7,0.2,1.3,2.5,5.9,
302,Lavoy Allen,23,PHI,C,79,37,21.1,2.6,5.7,0.454,0,0,0,2.6,5.7,0.455,0.454,0.5,0.8,0.717,2,3,5,0.9,0.3,0.7,0.7,2.3,5.8,
303,Andrew Bogut,28,GSW,C,32,32,24.6,2.6,5.8,0.451,0,0,1,2.6,5.7,0.448,0.454,0.6,1.2,0.5,2.1,5.5,7.7,2.1,0.6,1.7,1.1,2.7,5.8,
304,Boris Diaw,30,SAS,PF,75,20,22.8,2.4,4.4,0.539,0.4,1,0.385,2,3.4,0.587,0.584,0.6,0.9,0.723,0.9,2.5,3.4,2.4,0.7,0.4,1.1,1.9,5.8,
305,Kris Humphries,27,BRK,PF,65,21,18.3,2.1,4.8,0.448,0,0,0,2.1,4.7,0.451,0.448,1.5,1.9,0.789,1.9,3.7,5.6,0.5,0.2,0.5,0.9,2,5.8,
306,Brandon Roy,28,MIN,SG,5,5,24.4,2.2,7,0.314,0,1.8,0,2.2,5.2,0.423,0.314,1.4,2,0.7,0.6,2.2,2.8,4.6,0.6,0,1.4,1,5.8,
307,Donatas Motiejūnas,22,HOU,PF,44,14,12.2,2.2,4.8,0.455,0.5,1.9,0.289,1.7,3,0.562,0.512,0.7,1.2,0.627,0.8,1.3,2.1,0.7,0.2,0.2,0.8,1.7,5.7,
308,Sebastian Telfair,27,2TM,PG,59,2,16.6,1.9,5.2,0.362,0.9,2.5,0.353,1,2.7,0.371,0.448,0.9,1.2,0.783,0.2,1.2,1.4,2.6,0.6,0.2,1.1,1.8,5.6,
309,Sebastian Telfair,27,PHO,PG,46,2,17.3,2,5.4,0.381,0.9,2.5,0.381,1.1,2.9,0.381,0.468,1,1.2,0.772,0.3,1.2,1.5,2.5,0.6,0.2,1.2,1.8,6,
310,Sebastian Telfair,27,TOR,PG,13,0,14.2,1.4,4.8,0.29,0.8,2.8,0.27,0.6,1.9,0.32,0.371,0.8,0.9,0.833,0.1,1.2,1.2,3,0.7,0.1,0.8,1.5,4.3,
311,Patrick Beverley,24,HOU,PG,41,0,17.4,1.9,4.6,0.418,0.9,2.3,0.375,1,2.3,0.462,0.513,0.8,1,0.829,1.1,1.6,2.7,2.9,0.9,0.5,1.1,2,5.6,
312,Norris Cole,24,MIA,PG,80,4,19.9,2.2,5.3,0.421,0.4,1.2,0.357,1.8,4.1,0.44,0.462,0.7,1,0.65,0.2,1.4,1.6,2.1,0.7,0.1,1.3,1.9,5.6,
313,Francisco García,31,2TM,SF,58,20,17.7,2,5.2,0.393,1.2,3.1,0.374,0.9,2.1,0.421,0.505,0.3,0.4,0.857,0.1,1.4,1.6,1.1,0.8,0.7,0.6,1.5,5.5,
314,Francisco García,31,SAC,SG,40,15,17.8,1.9,5.1,0.376,1,2.7,0.367,0.9,2.4,0.385,0.473,0.3,0.4,0.857,0.2,1.5,1.7,1.1,0.8,0.8,0.5,1.7,5.2,
315,Francisco García,31,HOU,SF,18,5,17.7,2.3,5.3,0.432,1.5,3.9,0.386,0.8,1.4,0.56,0.574,0.3,0.4,0.857,0.1,1.2,1.3,1.1,0.8,0.4,0.7,1.2,6.4,
316,Marquis Daniels,32,MIL,SF,59,33,18.4,2.2,5.9,0.376,0.3,1.2,0.278,1.9,4.7,0.401,0.405,0.7,0.9,0.741,0.8,1.7,2.5,1.1,0.9,0.2,0.8,1.3,5.5,
317,Terrence Jones,21,HOU,PF,19,0,14.5,2.3,4.9,0.457,0.3,1,0.263,2,3.9,0.507,0.484,0.7,0.9,0.765,1.5,1.9,3.4,0.8,0.6,1,0.7,1.1,5.5,
318,Meyers Leonard,20,POR,C,69,9,17.5,2.2,4,0.545,0,0.1,0.429,2.1,3.9,0.548,0.551,1,1.3,0.809,1.2,2.5,3.7,0.5,0.2,0.6,0.7,2.4,5.5,
319,DeJuan Blair,23,SAS,PF,61,16,14,2.3,4.4,0.524,0,0,0,2.3,4.4,0.526,0.524,0.7,1.1,0.629,1.1,2.7,3.8,0.7,0.6,0.2,0.8,1.8,5.4,
320,MarShon Brooks,24,BRK,SG,73,2,12.5,2.1,4.6,0.463,0.2,0.8,0.273,1.9,3.8,0.5,0.485,0.9,1.3,0.734,0.4,1,1.4,1,0.5,0.2,0.9,1.3,5.4,
321,Daniel Gibson,26,CLE,PG,46,3,20,1.8,5.4,0.34,1.2,3.5,0.344,0.6,1.8,0.333,0.453,0.6,0.8,0.703,0.1,1.2,1.3,1.8,0.7,0.1,0.7,1.9,5.4,
322,Danny Granger,29,IND,SF,5,0,14.8,2,7,0.286,0.4,2,0.2,1.6,5,0.32,0.314,1,1.6,0.625,0.6,1.2,1.8,0.6,0.4,0.2,0.8,1.2,5.4,
323,Derek Fisher,38,2TM,PG,33,9,17.4,1.7,4.9,0.342,0.9,2.4,0.375,0.8,2.5,0.309,0.435,1.1,1.2,0.921,0.1,1.1,1.1,1.4,0.6,0.1,0.9,1.7,5.3,
324,Derek Fisher,38,DAL,PG,9,9,25.4,2.6,7.2,0.354,1.1,2.6,0.435,1.4,4.7,0.31,0.431,2.3,2.6,0.913,0,1.7,1.7,3.4,0.6,0.2,2,2.7,8.6,
325,Derek Fisher,38,OKC,SG,24,0,14.4,1.3,4,0.333,0.8,2.4,0.351,0.5,1.6,0.308,0.438,0.6,0.6,0.933,0.1,0.8,0.9,0.7,0.6,0,0.5,1.3,4.1,
326,Trevor Booker,25,WAS,PF,48,14,18.5,2.3,4.6,0.491,0,0.1,0,2.3,4.5,0.502,0.491,0.8,1.5,0.556,2,2.9,5,0.8,0.7,0.3,0.6,2,5.3,
327,Evan Fournier,20,DEN,SG,38,4,11.3,2,4,0.493,0.6,1.4,0.407,1.4,2.6,0.541,0.566,0.8,1,0.769,0.2,0.8,0.9,1.2,0.5,0,0.8,1.7,5.3,
328,Reggie Jackson,22,OKC,PG,70,0,14.2,2.1,4.6,0.458,0.3,1.5,0.231,1.8,3.2,0.566,0.495,0.7,0.9,0.839,0.3,2.1,2.4,1.7,0.4,0.2,0.8,1.2,5.3,
329,John Lucas III,30,TOR,PG,63,0,13.1,2,5.3,0.386,0.9,2.4,0.377,1.1,2.9,0.393,0.472,0.3,0.4,0.72,0.1,0.9,1,1.7,0.4,0,0.4,0.8,5.3,
330,Corey Maggette,33,DET,SF,18,0,14.3,1.5,4.2,0.355,0.3,1.2,0.238,1.2,3.1,0.4,0.388,2,2.7,0.75,0.3,1.1,1.4,1.1,0.3,0.1,0.9,2.3,5.3,
331,Roger Mason,32,NOH,SG,69,13,17.7,1.9,4.4,0.433,1,2.3,0.415,1,2.1,0.452,0.541,0.6,0.6,0.907,0.2,1.8,1.9,1.1,0.4,0.2,0.7,1.5,5.3,
332,Travis Outlaw,28,SAC,SF,38,2,11.7,1.9,4.7,0.418,0.4,1.3,0.28,1.6,3.3,0.472,0.458,1,1.4,0.731,0.4,1.2,1.6,0.6,0.3,0.2,0.5,0.9,5.3,
333,Mickaël Piétrus,30,TOR,SF,19,16,20.3,1.8,5.2,0.347,1.1,3.4,0.313,0.7,1.8,0.412,0.449,0.6,0.9,0.667,0.3,1.6,1.9,0.5,0.6,0.3,0.8,1.7,5.3,
334,Leandro Barbosa,30,BOS,PG,41,2,12.5,2,4.7,0.43,0.4,1.1,0.383,1.6,3.6,0.445,0.477,0.8,1,0.756,0.2,0.9,1.1,1.4,0.4,0.1,0.5,1.2,5.2,
335,Jordan Hamilton,22,DEN,SF,40,1,9.9,2.1,5,0.418,0.7,1.8,0.37,1.4,3.2,0.445,0.485,0.3,0.7,0.5,0.8,1.6,2.4,0.6,0.4,0.2,0.5,0.6,5.2,
336,Rashard Lewis,33,MIA,PF,55,9,14.4,1.9,4.5,0.414,0.9,2.4,0.389,0.9,2.1,0.441,0.516,0.5,0.8,0.622,0.3,1.9,2.2,0.5,0.4,0.3,0.6,1.2,5.2,
337,Nick Collison,32,OKC,C,81,2,19.5,2.2,3.7,0.595,0,0,0,2.2,3.6,0.603,0.595,0.7,1,0.769,1.5,2.6,4.1,1.5,0.6,0.4,0.9,2.4,5.1,
338,Al Harrington,32,ORL,C,10,0,11.9,2,5.7,0.351,0.8,3,0.267,1.2,2.7,0.444,0.421,0.3,0.4,0.75,0.6,2.1,2.7,1,0.4,0.1,0.7,1.8,5.1,
339,James Johnson,25,SAC,SF,54,11,16.3,2.2,5.2,0.413,0,0.4,0.095,2.1,4.9,0.439,0.417,0.7,1.2,0.597,0.9,1.8,2.7,1.1,0.8,0.9,1.3,1.8,5.1,
340,Patty Mills,24,SAS,PG,58,2,11.3,1.9,4.2,0.469,0.9,2.2,0.4,1.1,1.9,0.55,0.577,0.3,0.3,0.842,0.2,0.7,0.9,1.1,0.4,0.1,0.7,0.9,5.1,
341,DeShawn Stevenson,31,ATL,SG,56,31,20.7,1.8,4.7,0.374,1.4,3.7,0.364,0.4,0.9,0.415,0.519,0.2,0.4,0.522,0.3,1.9,2.2,0.9,0.5,0.1,0.4,1.2,5.1,
342,Garrett Temple,26,WAS,SG,51,36,22.7,2.1,5.1,0.407,0.5,1.6,0.325,1.5,3.5,0.444,0.457,0.5,0.7,0.703,0.6,1.8,2.4,2.3,1,0.3,1.2,1.8,5.1,
343,Jae Crowder,22,DAL,SF,78,16,17.3,1.8,4.7,0.384,0.8,2.5,0.328,1,2.2,0.446,0.47,0.6,0.9,0.644,0.4,1.9,2.4,1.2,0.8,0.2,0.6,1.6,5,
344,Mickaël Gelabale,29,MIN,SF,36,13,17.9,2,3.9,0.518,0.4,1.4,0.308,1.6,2.4,0.644,0.576,0.6,0.7,0.875,0.9,1.9,2.8,0.7,0.4,0.1,0.4,1.3,5,
345,Ian Mahinmi,26,IND,C,80,2,16.5,1.9,4.1,0.453,0,0,0,1.9,4.1,0.456,0.453,1.3,2.1,0.608,1.4,2.5,3.9,0.3,0.5,0.8,1.2,2.5,5,
346,Quentin Richardson,32,NYK,SF,1,0,29,1,11,0.091,1,4,0.25,0,7,0,0.136,2,2,1,5,5,10,1,0,0,2,1,5,
347,Chris Andersen,34,MIA,C,42,0,14.9,1.7,2.9,0.577,0,0.1,0.667,1.6,2.9,0.575,0.585,1.5,2.2,0.677,1.4,2.7,4.1,0.4,0.4,1,0.6,2.1,4.9,
348,Malcolm Lee,22,MIN,SG,16,12,18.1,1.8,4.8,0.382,0.5,1.5,0.333,1.3,3.3,0.404,0.434,0.8,1.3,0.6,0.9,1.5,2.4,1.3,0.8,0.4,0.6,1.9,4.9,
349,Jerry Stackhouse,38,BRK,SF,37,0,14.7,1.8,4.6,0.384,0.8,2.4,0.337,1,2.2,0.434,0.471,0.5,0.6,0.87,0.1,0.8,0.9,0.9,0.2,0.1,0.6,0.8,4.9,
350,Bismack Biyombo,20,CHA,C,80,65,27.3,2,4.3,0.451,0,0,,2,4.3,0.451,0.451,0.9,1.8,0.521,2.4,4.9,7.3,0.4,0.4,1.8,1,2.4,4.8,
351,Mike Miller,32,MIA,SF,59,17,15.3,1.7,3.9,0.433,1.2,3,0.417,0.5,0.9,0.482,0.591,0.1,0.2,0.727,0.3,2.4,2.7,1.7,0.4,0.1,0.6,1.1,4.8,
352,Thomas Robinson,21,2TM,PF,70,0,15.1,2,4.6,0.43,0,0,0,2,4.6,0.431,0.43,0.8,1.6,0.523,1.7,2.8,4.5,0.7,0.6,0.4,1.3,1.8,4.8,
353,Thomas Robinson,21,SAC,PF,51,0,15.9,2,4.8,0.424,0,0,,2,4.8,0.424,0.424,0.8,1.4,0.577,1.8,2.9,4.7,0.7,0.5,0.4,1.3,1.9,4.8,
354,Thomas Robinson,21,HOU,PF,19,0,13,1.8,4.1,0.449,0,0.1,0,1.8,4.1,0.455,0.449,0.8,2,0.421,1.6,2.5,4.1,0.5,0.8,0.3,1.2,1.5,4.5,
355,Tyrus Thomas,26,CHA,PF,26,2,13.8,1.8,5.2,0.353,0.1,0.3,0.375,1.7,4.9,0.352,0.364,1,1.2,0.839,0.6,1.7,2.3,0.7,0.5,0.6,0.7,2,4.8,
356,D.J. Augustin,25,IND,PG,76,5,16.1,1.4,3.9,0.35,0.9,2.5,0.353,0.5,1.4,0.346,0.464,1.1,1.3,0.838,0.3,0.9,1.2,2.2,0.4,0,0.9,0.8,4.7,
357,Landry Fields,24,TOR,SF,51,22,20.3,2,4.4,0.457,0,0.3,0.143,2,4.1,0.478,0.462,0.7,1,0.642,1.2,2.9,4.1,1.2,0.6,0.2,0.8,1.2,4.7,
358,Justin Holiday,23,PHI,SG,9,0,15.8,1.8,5.3,0.333,0.4,1.8,0.25,1.3,3.6,0.375,0.375,0.7,0.9,0.75,0,1.6,1.6,1.7,0.3,0.7,1,0.8,4.7,
359,Shelvin Mack,22,3TM,PG,31,3,13.4,1.9,4.1,0.46,0.6,1.6,0.367,1.3,2.5,0.519,0.532,0.3,0.5,0.563,0.1,1.2,1.3,2.2,0.5,0,1.1,1.3,4.6,
360,Shelvin Mack,22,WAS,PG,7,2,20.1,2.3,5.7,0.4,0.6,1.9,0.308,1.7,3.9,0.444,0.45,0.1,0.3,0.5,0.4,1.9,2.3,3.3,0.9,0,1.1,1.4,5.3,
361,Shelvin Mack,22,PHI,SG,4,0,1.8,0.3,0.5,0.5,0,0.3,0,0.3,0.3,1,0.5,0,0,,0,0,0,0.3,0,0,0.5,0.3,0.5,
362,Shelvin Mack,22,ATL,PG,20,1,13.4,2.1,4.2,0.488,0.7,1.8,0.4,1.4,2.5,0.551,0.571,0.4,0.7,0.571,0,1.2,1.2,2.2,0.5,0,1.2,1.4,5.2,
363,Troy Murphy,32,DAL,PF,14,1,18.3,1.6,4.4,0.361,0.8,2.5,0.314,0.8,1.9,0.423,0.451,0.7,0.8,0.909,0.5,3,3.5,0.5,0.7,0.4,0.5,2.1,4.6,
364,Mike Scott,24,ATL,PF,40,1,9.4,1.8,3.7,0.476,0,0,0,1.8,3.7,0.479,0.476,1.1,1.4,0.768,1,1.8,2.8,0.3,0.1,0.1,0.5,0.8,4.6,
365,Terrence Williams,25,BOS,SF,24,0,13.3,2,4,0.495,0.2,0.6,0.333,1.8,3.4,0.524,0.521,0.4,0.9,0.429,0.2,1.7,1.8,1.6,0.5,0.1,0.9,0.5,4.6,
366,Eric Maynor,25,2TM,PG,64,0,15,1.7,4.4,0.377,0.5,1.5,0.354,1.1,2.9,0.389,0.438,0.7,1,0.726,0.1,0.6,0.7,2.8,0.3,0,1.2,0.9,4.5,
367,Eric Maynor,25,OKC,PG,37,0,10.6,1,3.1,0.313,0.4,1.2,0.326,0.6,1.9,0.304,0.378,0.5,0.6,0.81,0.1,0.4,0.5,2,0.3,0,0.8,0.5,2.8,
368,Eric Maynor,25,POR,SG,27,0,21.2,2.6,6.1,0.422,0.7,1.9,0.38,1.9,4.3,0.44,0.479,1,1.5,0.683,0.1,0.9,1,4,0.4,0,1.8,1.3,6.9,
369,Austin Daye,24,2TM,SF,55,0,12.3,1.6,3.8,0.433,0.7,1.8,0.418,0.9,2,0.445,0.531,0.5,0.6,0.765,0.3,1.9,2.2,0.8,0.3,0.4,0.5,1.5,4.5,
370,Austin Daye,24,DET,SF,24,0,14.5,1.8,4,0.443,0.9,1.7,0.525,0.9,2.4,0.386,0.552,0.6,0.8,0.833,0.4,2.2,2.6,0.9,0.2,0.3,0.5,1.8,5.1,
371,Austin Daye,24,MEM,SF,31,0,10.6,1.5,3.6,0.423,0.6,1.9,0.345,0.9,1.7,0.509,0.514,0.4,0.5,0.688,0.2,1.7,1.9,0.7,0.3,0.5,0.5,1.3,4,
372,Eddy Curry,30,DAL,C,2,0,12.5,2,4,0.5,0,0,,2,4,0.5,0.5,0.5,2,0.25,1,1,2,0,0,0,1.5,3.5,4.5,
373,Reggie Evans,32,BRK,PF,80,56,24.6,1.6,3.3,0.479,0,0,,1.6,3.3,0.479,0.479,1.4,2.8,0.509,3.3,7.9,11.1,0.5,0.9,0.2,1.4,2.5,4.5,
374,Cory Joseph,21,SAS,PG,28,9,13.9,1.8,3.9,0.464,0.2,0.8,0.286,1.6,3.2,0.506,0.491,0.6,0.8,0.857,0.4,1.4,1.9,1.9,0.5,0.1,0.8,0.9,4.5,
375,Keyon Dooling,32,MEM,PG,7,0,11.7,1.4,3,0.476,0.7,1.7,0.417,0.7,1.3,0.556,0.595,0.9,1,0.857,0,0.1,0.1,1.1,0.1,0,0.7,1.1,4.4,
376,Ekpe Udoh,25,MIL,C,76,9,17.3,1.5,3.5,0.435,0,0,0,1.5,3.5,0.437,0.435,1.2,1.6,0.748,1.5,1.8,3.3,0.6,0.5,1.1,0.6,1.8,4.3,
377,Keith Bogans,32,BRK,SG,74,23,19,1.5,3.8,0.38,1.1,3.3,0.343,0.3,0.5,0.615,0.528,0.1,0.2,0.647,0.2,1.4,1.6,1,0.4,0.1,0.7,1.5,4.2,
378,Matt Bonner,32,SAS,PF,68,4,13.4,1.6,3.4,0.487,0.8,1.8,0.442,0.9,1.6,0.536,0.602,0.2,0.2,0.733,0.4,1.5,1.9,0.5,0.3,0.3,0.2,1.3,4.2,
379,Kendrick Perkins,28,OKC,C,78,78,25.1,1.8,4,0.457,0,0,0,1.8,4,0.458,0.457,0.6,0.9,0.611,1.4,4.6,6,1.4,0.6,1.1,1.4,2.9,4.2,
380,Shavlik Randolph,29,BOS,PF,16,0,12.4,1.8,3,0.583,0,0,,1.8,3,0.583,0.583,0.7,1.7,0.407,1.8,2.6,4.4,0.3,0.5,0.4,0.6,2.4,4.2,
381,Chris Wilcox,30,BOS,C,61,7,13.6,1.8,2.5,0.719,0,0,0,1.8,2.5,0.724,0.719,0.6,1,0.672,0.9,2,3,0.4,0.5,0.5,0.6,2,4.2,
382,Kyle O'Quinn,22,ORL,C,57,5,11.2,1.8,3.5,0.513,0,0,0,1.8,3.4,0.515,0.513,0.5,0.8,0.667,1.1,2.5,3.7,0.9,0.2,0.5,0.6,1.9,4.1,
383,Chris Singleton,23,WAS,PF,57,11,16.2,1.6,4.2,0.382,0.1,0.6,0.194,1.5,3.6,0.415,0.396,0.7,1.2,0.571,0.9,2.3,3.2,0.6,0.7,0.4,0.8,2.2,4.1,
384,Anthony Tolliver,27,ATL,SF,62,11,15.5,1.3,3.5,0.38,0.7,2.1,0.338,0.6,1.3,0.446,0.484,0.7,0.8,0.863,0.5,2,2.5,0.5,0.2,0.2,0.6,1.1,4.1,
385,Anthony Morrow,27,2TM,SG,41,1,9.3,1.6,3.5,0.441,0.4,1,0.372,1.2,2.5,0.471,0.497,0.5,0.5,0.909,0.3,0.5,0.7,0.3,0.3,0,0.2,1,4,
386,Anthony Morrow,27,ATL,SG,24,1,12.5,2,4.6,0.423,0.6,1.6,0.395,1.3,3,0.438,0.491,0.7,0.8,0.889,0.4,0.7,1.1,0.4,0.5,0,0.2,1.4,5.2,
387,Anthony Morrow,27,DAL,SG,17,0,4.8,1,2,0.5,0.1,0.3,0.2,0.9,1.7,0.552,0.515,0.2,0.2,1,0.1,0.2,0.2,0.2,0.1,0,0.2,0.6,2.3,
388,Quincy Acy,22,TOR,PF,29,0,11.8,1.4,2.6,0.56,0,0.1,0.5,1.4,2.5,0.562,0.567,1.1,1.3,0.816,1,1.6,2.7,0.4,0.4,0.5,0.6,1.8,4,
389,Jeff Adrien,26,CHA,PF,52,5,13.7,1.4,3.2,0.429,0,0,0,1.4,3.2,0.434,0.429,1.3,1.9,0.65,1.3,2.5,3.8,0.7,0.3,0.5,0.6,1.5,4,
390,Will Barton,22,POR,SG,73,5,12.2,1.6,4.2,0.382,0.1,0.9,0.138,1.5,3.3,0.447,0.396,0.7,0.9,0.769,0.5,1.5,2,0.8,0.5,0.1,0.8,0.8,4,
391,Rodrigue Beaubois,24,DAL,PG,45,0,12.2,1.4,3.9,0.369,0.5,1.6,0.292,1,2.3,0.423,0.429,0.7,0.8,0.789,0.2,1.1,1.3,1.9,0.4,0.1,0.7,1.2,4,
392,Omri Casspi,24,CLE,SF,43,1,11.7,1.5,3.7,0.394,0.6,1.8,0.329,0.9,2,0.452,0.472,0.5,1,0.537,0.5,2.2,2.7,0.7,0.6,0.3,0.5,1,4,
393,Orlando Johnson,23,IND,SG,51,0,12.1,1.4,3.5,0.4,0.7,1.8,0.383,0.7,1.7,0.419,0.5,0.5,0.6,0.719,0.4,1.8,2.2,0.9,0.2,0.2,0.6,1,4,
394,Dominique Jones,24,DAL,PG,29,3,11.7,1.4,3.8,0.367,0,0.3,0.111,1.3,3.4,0.39,0.372,1.2,1.8,0.66,0.6,0.9,1.6,2.9,0.5,0.1,1.3,1,4,
395,Darius Morris,22,LAL,PG,48,17,14.2,1.5,3.9,0.388,0.5,1.4,0.364,1,2.5,0.402,0.452,0.5,0.8,0.649,0.5,0.7,1.2,1.6,0.4,0,0.9,1.2,4,
396,Lamar Odom,33,LAC,PF,82,2,19.7,1.8,4.5,0.399,0.2,1.1,0.2,1.6,3.4,0.464,0.423,0.2,0.5,0.476,1.4,4.4,5.9,1.7,0.8,0.7,1,2.6,4,
397,Greg Stiemsma,27,MIN,C,76,19,15.9,1.7,3.7,0.457,0,0,,1.7,3.7,0.457,0.457,0.7,0.9,0.768,0.8,2.6,3.4,0.4,0.6,1.2,0.8,2.4,4,
398,Jeff Ayres,25,IND,PF,37,0,10,1.6,3.4,0.484,0.1,0.1,0.5,1.6,3.3,0.484,0.492,0.6,0.6,0.913,0.8,2,2.8,0.4,0.2,0.3,0.6,1.2,3.9,
399,Luke Babbitt,23,POR,PF,62,0,11.8,1.4,3.8,0.368,1,2.9,0.348,0.4,0.9,0.429,0.5,0.2,0.2,0.769,0.2,2,2.2,0.5,0.2,0.1,0.4,1.3,3.9,6MOY-14
400,Udonis Haslem,32,MIA,PF,75,59,18.9,1.7,3.3,0.514,0,0,,1.7,3.3,0.514,0.514,0.4,0.6,0.711,1.3,4.1,5.4,0.5,0.4,0.2,0.6,2.3,3.9,
401,Xavier Henry,21,NOH,SF,50,2,12.5,1.3,3.2,0.41,0.1,0.2,0.364,1.2,3,0.413,0.422,1.2,1.8,0.63,0.4,1.4,1.8,0.3,0.3,0.1,0.6,1.4,3.9,
402,Chris Johnson,27,MIN,C,30,0,9.5,1.6,2.5,0.64,0,0,,1.6,2.5,0.64,0.64,0.7,1.1,0.618,0.7,1.3,2,0.3,0.2,0.9,0.4,1.6,3.9,
403,James Anderson,23,2TM,SG,39,2,10.3,1.3,3.2,0.413,0.5,1.5,0.35,0.8,1.7,0.47,0.496,0.6,0.7,0.857,0.5,1.4,1.8,1.1,0.4,0.1,0.6,0.6,3.8,
404,James Anderson,23,SAS,SF,10,0,9.4,1.1,2.5,0.44,0.5,1.1,0.455,0.6,1.4,0.429,0.54,0.7,0.9,0.778,0.3,1.1,1.4,0.9,0.3,0.2,0.7,0.7,3.4,
405,James Anderson,23,HOU,SG,29,2,10.6,1.4,3.5,0.406,0.6,1.7,0.327,0.9,1.8,0.481,0.485,0.6,0.7,0.895,0.5,1.5,2,1.1,0.4,0.1,0.6,0.6,4,
406,Victor Claver,24,POR,SF,49,16,16.6,1.5,3.9,0.392,0.5,1.8,0.287,1,2.1,0.48,0.458,0.3,0.6,0.467,0.6,1.8,2.4,0.9,0.5,0.2,0.9,1.5,3.8,
407,Nando De Colo,25,SAS,SG,72,6,12.8,1.5,3.3,0.436,0.4,1.1,0.378,1,2.2,0.465,0.5,0.5,0.6,0.795,0.3,1.6,1.9,1.9,0.6,0.1,1.1,1.2,3.8,
408,Gustavo Ayón,27,2TM,C,55,3,13.3,1.7,3,0.551,0,0,,1.7,3,0.551,0.551,0.4,0.9,0.4,1.1,2.5,3.6,1.3,0.4,0.3,0.9,1.9,3.7,
409,Gustavo Ayón,27,ORL,C,43,3,13.3,1.6,2.9,0.536,0,0,,1.6,2.9,0.536,0.536,0.4,0.9,0.5,0.9,2.3,3.3,1.4,0.3,0.3,0.9,1.9,3.6,
410,Gustavo Ayón,27,MIL,C,12,0,13.6,2.1,3.5,0.595,0,0,,2.1,3.5,0.595,0.595,0.1,1,0.083,1.7,3.3,4.9,1,0.8,0.3,0.8,2,4.3,
411,DeQuan Jones,22,ORL,SF,63,17,12.7,1.5,3.5,0.436,0.1,0.6,0.257,1.4,2.9,0.47,0.456,0.5,0.8,0.667,0.3,1.4,1.7,0.3,0.3,0.3,0.5,0.9,3.7,
412,Arnett Moultrie,22,PHI,PF,47,0,11.5,1.7,2.9,0.582,0,0,,1.7,2.9,0.582,0.582,0.4,0.6,0.643,1.6,1.5,3.1,0.2,0.4,0.2,0.4,0.9,3.7,
413,Anthony Randolph,23,DEN,PF,39,0,8.4,1.4,2.9,0.491,0,0.2,0,1.4,2.7,0.528,0.491,0.8,1.2,0.689,0.7,1.7,2.4,0.3,0.5,0.5,0.9,1.1,3.7,
414,Reggie Williams,26,CHA,SF,40,0,9.5,1.4,3.3,0.432,0.6,1.8,0.306,0.9,1.5,0.583,0.515,0.3,0.5,0.476,0.2,1.1,1.3,1,0.3,0,0.5,0.5,3.7,
415,Chris Johnson,22,MEM,SF,8,0,12.8,1.4,3.1,0.44,0.8,2.3,0.333,0.6,0.9,0.714,0.56,0.1,0.3,0.5,0.6,0.8,1.4,0.3,0.5,0,0.4,0.6,3.6,
416,Donald Sloan,25,2TM,SG,23,0,11.4,1.2,3.4,0.346,0.3,0.8,0.368,0.9,2.6,0.339,0.391,0.9,1.1,0.8,0.1,1.1,1.2,1.7,0.2,0,0.6,0.7,3.5,
417,Donald Sloan,25,CLE,SG,20,0,12.9,1.4,3.9,0.346,0.4,1,0.368,1,3,0.339,0.391,1,1.3,0.8,0.2,1.3,1.4,1.9,0.3,0,0.7,0.9,4.1,
418,Donald Sloan,25,NOH,PG,3,0,2,0,0,,0,0,,0,0,,,0,0,,0,0,0,0.3,0,0,0.3,0,0,
419,Brendan Haywood,33,CHA,C,61,17,19,1.5,3.5,0.431,0,0,0,1.5,3.5,0.433,0.431,0.5,1.1,0.455,2,2.7,4.8,0.5,0.3,0.8,0.8,2,3.5,
420,Johan Petro,27,ATL,C,31,8,11.4,1.5,3.5,0.436,0,0.1,0.25,1.5,3.4,0.443,0.441,0.4,0.4,0.917,1.1,2.5,3.6,0.5,0.3,0.3,0.8,1.5,3.5,
421,Pablo Prigioni,35,NYK,PG,78,18,16.2,1.3,2.8,0.455,0.7,1.7,0.396,0.6,1.1,0.547,0.575,0.3,0.3,0.88,0.5,1.3,1.8,3,0.9,0,1.1,1.6,3.5,
422,Mirza Teletović,27,BRK,PF,53,0,9.4,1.3,3.5,0.384,0.7,2,0.343,0.6,1.5,0.442,0.484,0.2,0.2,0.818,0.6,1.2,1.8,0.4,0.2,0.2,0.4,1,3.5,
423,Jamaal Tinsley,34,UTA,PG,66,32,18.5,1.3,3.5,0.368,0.6,1.9,0.307,0.7,1.6,0.439,0.451,0.3,0.4,0.692,0.3,1.5,1.7,4.4,1,0.2,1.6,1.6,3.5,
424,Dahntay Jones,32,2TM,SF,78,19,13,1.1,2.8,0.369,0.1,0.6,0.224,0.9,2.2,0.41,0.394,1.1,1.4,0.77,0.3,1,1.3,0.6,0.3,0.1,0.5,1.5,3.4,
425,Dahntay Jones,32,DAL,SF,50,15,12.7,1,2.8,0.357,0.2,0.7,0.216,0.8,2.1,0.408,0.386,1.3,1.6,0.805,0.3,1.1,1.4,0.6,0.2,0.1,0.4,1.5,3.5,
426,Dahntay Jones,32,ATL,SF,28,4,13.6,1.1,2.9,0.39,0.1,0.4,0.25,1,2.5,0.414,0.409,0.8,1.1,0.677,0.4,0.7,1.1,0.7,0.4,0,0.6,1.6,3.1,
427,Devin Ebanks,23,LAL,SF,19,3,10.4,1.3,3.8,0.329,0.3,1.2,0.273,0.9,2.7,0.353,0.37,0.6,0.7,0.786,0.5,1.6,2.2,0.5,0.2,0.1,0.6,1.2,3.4,
428,Ryan Hollins,28,LAC,C,60,0,11.1,1.2,1.9,0.614,0,0,,1.2,1.9,0.614,0.614,1.1,1.5,0.75,0.8,1.5,2.3,0.2,0.1,0.6,0.7,2.2,3.4,
429,Luke Walton,32,CLE,PF,50,0,17.1,1.4,3.6,0.392,0.4,1.3,0.299,1,2.3,0.447,0.448,0.2,0.4,0.5,0.8,2.1,2.9,3.3,0.8,0.3,1.2,2,3.4,
430,Earl Barron,31,2TM,C,12,2,13.3,1.5,4.3,0.353,0,0,,1.5,4.3,0.353,0.353,0.3,0.6,0.429,1.8,3.3,5.1,0.4,0.4,0.5,0.9,2,3.3,
431,Earl Barron,31,WAS,C,11,1,11.1,1.2,3.4,0.351,0,0,,1.2,3.4,0.351,0.351,0.2,0.5,0.4,1.5,2.5,3.9,0.3,0.5,0.5,0.9,2.1,2.5,
432,Earl Barron,31,NYK,C,1,1,37,5,14,0.357,0,0,,5,14,0.357,0.357,1,2,0.5,6,12,18,2,0,1,1,1,11,
433,Doron Lamb,21,2TM,SG,47,0,12.3,1.3,3.5,0.368,0.3,0.8,0.378,1,2.7,0.365,0.411,0.4,0.7,0.588,0.2,0.8,1,0.7,0.3,0,0.6,1.1,3.3,
434,Doron Lamb,21,MIL,SG,23,0,12.2,1.4,4.1,0.347,0.2,0.7,0.25,1.3,3.4,0.367,0.368,0.3,0.7,0.533,0.1,0.6,0.7,0.9,0.3,0,0.7,1.2,3.4,
435,Doron Lamb,21,ORL,SG,24,0,12.4,1.1,2.8,0.397,0.4,0.9,0.476,0.7,2,0.362,0.471,0.5,0.8,0.632,0.2,1,1.2,0.5,0.3,0,0.4,1,3.2,
436,Drew Gooden,31,MIL,C,16,0,9.4,1.3,3.8,0.328,0.1,0.3,0.2,1.2,3.5,0.339,0.336,0.7,1,0.688,0.8,1.1,1.9,0.4,0.3,0.4,0.6,1.3,3.3,
437,Grant Hill,40,LAC,SF,29,0,15.1,1.3,3.4,0.388,0.1,0.4,0.273,1.2,3,0.402,0.403,0.5,0.8,0.583,0.2,1.5,1.7,0.9,0.4,0.2,0.9,1.3,3.2,
438,Royal Ivey,31,PHI,SG,53,5,13.2,1.2,2.7,0.431,0.7,1.7,0.42,0.5,1.1,0.446,0.559,0.2,0.3,0.563,0.3,0.8,1.1,0.6,0.4,0.1,0.4,1.4,3.2,
439,Samardo Samuels,24,CLE,C,18,1,10.9,1.2,3.3,0.367,0,0.1,0,1.2,3.3,0.373,0.367,0.8,1.3,0.583,0.6,1,1.6,0.4,0.2,0.2,0.3,1.7,3.2,
440,Richard Jefferson,32,GSW,SF,56,1,10.1,1.1,2.4,0.456,0.3,0.8,0.311,0.9,1.6,0.527,0.507,0.7,0.9,0.717,0.1,1.4,1.5,0.6,0.3,0.1,0.4,0.8,3.1,
441,Viacheslav Kravtsov,25,DET,C,25,0,9,1.3,1.8,0.717,0,0,,1.3,1.8,0.717,0.717,0.4,1.5,0.297,1,0.8,1.8,0.4,0.2,0.4,0.6,1.3,3.1,
442,Jeremy Lamb,20,OKC,SF,23,0,6.4,1,3,0.353,0.4,1.3,0.3,0.7,1.7,0.395,0.419,0.6,0.6,1,0.2,0.6,0.8,0.2,0.1,0.1,0.3,0.6,3.1,
443,Ronnie Brewer,27,2TM,SF,60,34,14.2,1.2,3.3,0.354,0.4,1.3,0.303,0.8,2,0.385,0.412,0.3,0.7,0.41,0.7,1.6,2.3,0.8,0.7,0.1,0.3,0.6,3,
444,Ronnie Brewer,27,NYK,SF,46,34,15.5,1.4,3.8,0.366,0.5,1.5,0.31,0.9,2.3,0.404,0.429,0.3,0.8,0.41,0.6,1.5,2.2,0.9,0.7,0.1,0.3,0.6,3.6,
445,Ronnie Brewer,27,OKC,SF,14,0,10.1,0.4,1.6,0.261,0.1,0.4,0.2,0.4,1.3,0.278,0.283,0,0,,0.9,1.9,2.9,0.7,0.6,0,0.3,0.4,0.9,
446,Juwan Howard,39,MIA,PF,7,2,7.3,1.4,2.7,0.526,0,0,,1.4,2.7,0.526,0.526,0.1,0.1,1,0,1.1,1.1,0.9,0,0,0.6,1.3,3,
447,Kevin Jones,23,CLE,PF,32,0,10.4,1.3,3.3,0.402,0,0,,1.3,3.3,0.402,0.402,0.3,0.5,0.6,1.2,1.3,2.4,0.3,0.3,0.2,0.3,0.8,3,
448,Kendall Marshall,21,PHO,PG,48,3,14.6,1.2,3.1,0.371,0.5,1.5,0.315,0.7,1.6,0.423,0.447,0.2,0.3,0.571,0.1,0.8,0.9,3,0.5,0.1,1.2,1,3,
449,Chris Duhon,30,LAL,PG,46,9,17.8,1,2.7,0.382,0.7,2,0.363,0.3,0.7,0.438,0.516,0.1,0.3,0.462,0.2,1.2,1.5,2.9,0.4,0,0.9,1.2,2.9,
450,Kim English,24,DET,SG,41,0,9.9,1,2.7,0.375,0.3,1.2,0.28,0.7,1.5,0.452,0.438,0.5,0.7,0.724,0.2,0.7,0.9,0.6,0.4,0.1,0.5,1.1,2.9,
451,Draymond Green,22,GSW,SF,79,1,13.4,1.1,3.3,0.327,0.2,0.8,0.209,0.9,2.4,0.368,0.354,0.6,0.7,0.818,0.7,2.6,3.3,0.7,0.5,0.3,0.6,2,2.9,
452,Hedo Türkoğlu,33,ORL,SF,11,1,17.2,1.3,4.8,0.264,0.1,2.2,0.042,1.2,2.6,0.448,0.274,0.3,0.5,0.5,0.4,2,2.4,2.1,0.6,0.1,1.1,1,2.9,
453,Hamed Haddadi,27,2TM,C,30,0,10.7,1.2,2.7,0.427,0,0,,1.2,2.7,0.427,0.427,0.5,0.9,0.519,1.4,2.3,3.7,0.4,0.2,0.9,1,2,2.8,
454,Hamed Haddadi,27,MEM,C,13,0,6.7,0.5,1.6,0.333,0,0,,0.5,1.6,0.333,0.333,0.1,0.2,0.5,0.8,1.1,1.8,0.3,0.1,0.5,0.3,1.2,1.2,
455,Hamed Haddadi,27,PHO,C,17,0,13.8,1.6,3.6,0.459,0,0,,1.6,3.6,0.459,0.459,0.8,1.5,0.52,1.9,3.2,5.1,0.5,0.3,1.2,1.6,2.6,4.1,
456,Daequan Cook,25,2TM,SG,49,1,9,1,3.4,0.305,0.5,1.9,0.286,0.5,1.6,0.329,0.383,0.2,0.2,0.75,0.1,1.1,1.2,0.4,0.2,0.1,0.3,0.5,2.8,
457,Daequan Cook,25,HOU,SG,16,1,10.3,1.3,3.7,0.356,0.7,1.9,0.367,0.6,1.8,0.345,0.449,0.1,0.2,0.667,0.3,0.8,1.1,0.6,0.4,0.1,0.4,0.8,3.4,
458,Daequan Cook,25,CHI,SG,33,0,8.4,0.9,3.3,0.278,0.5,1.8,0.246,0.5,1.4,0.319,0.347,0.2,0.3,0.778,0.1,1.2,1.3,0.3,0.1,0.2,0.3,0.4,2.5,
459,Maalik Wayns,21,2TM,PG,27,1,7.5,1,3.3,0.295,0.3,1.1,0.226,0.7,2.1,0.333,0.335,0.6,0.7,0.895,0,0.2,0.3,1,0.2,0,0.6,1,2.8,
460,Maalik Wayns,21,PHI,PG,21,1,7.9,0.9,3.4,0.264,0.2,1.2,0.2,0.7,2.2,0.298,0.299,0.6,0.7,0.867,0,0.2,0.2,1,0.1,0,0.6,0.9,2.7,
461,Maalik Wayns,21,LAC,PG,6,0,6.2,1.2,2.7,0.438,0.3,1,0.333,0.8,1.7,0.5,0.5,0.7,0.7,1,0,0.3,0.3,1.2,0.5,0,0.3,1.3,3.3,
462,Chris Douglas-Roberts,26,DAL,SG,6,0,10.5,0.8,2.3,0.357,0,0.7,0,0.8,1.7,0.5,0.357,1.2,1.7,0.7,0,0.8,0.8,0.7,0.3,0,0.2,0.7,2.8,
463,Aaron Gray,28,TOR,C,42,16,12.2,1.1,2.1,0.533,0,0,,1.1,2.1,0.533,0.533,0.5,1,0.523,1.1,2,3.2,0.8,0.2,0.1,0.9,2,2.8,
464,Bernard James,27,DAL,C,46,11,9.9,1.2,2.2,0.515,0,0,0,1.2,2.2,0.525,0.515,0.5,0.9,0.61,1.1,1.7,2.8,0.1,0.3,0.8,0.4,1.4,2.8,
465,Nolan Smith,24,POR,PG,40,0,7.2,1.1,2.9,0.368,0.2,0.7,0.214,0.9,2.2,0.419,0.395,0.5,0.7,0.714,0.2,0.5,0.7,0.9,0.2,0,0.7,0.7,2.8,
466,Sam Young,27,IND,SG,56,3,12.4,1,2.6,0.392,0.3,0.9,0.308,0.8,1.7,0.438,0.446,0.4,0.8,0.535,0.5,1.7,2.2,0.8,0.3,0.1,0.6,1.1,2.8,
467,Aron Baynes,26,SAS,C,16,0,8.8,1.1,2.3,0.5,0,0.1,0,1.1,2.2,0.514,0.5,0.4,0.8,0.583,0.8,1.3,2,0.3,0.1,0.4,0.7,1.4,2.7,
468,Chuck Hayes,29,SAC,C,74,1,16.3,1.1,2.6,0.442,0,0,0,1.1,2.6,0.444,0.442,0.4,0.6,0.625,1.5,2.5,4,1.5,0.4,0.2,0.6,1.5,2.7,
469,Ronnie Price,29,POR,PG,39,0,13.1,1,3.1,0.325,0.3,1,0.256,0.7,2.1,0.358,0.367,0.4,0.6,0.708,0.3,0.8,1.1,1.9,0.7,0.1,0.9,1.6,2.7,
470,Joel Freeland,25,POR,PF,51,1,9.4,1.1,2.8,0.408,0,0,,1.1,2.8,0.408,0.408,0.4,0.5,0.667,0.8,1.5,2.3,0.3,0.3,0.2,0.4,1.3,2.6,
471,Nazr Mohammed,35,CHI,C,63,12,11,1,2.9,0.367,0,0,0,1,2.8,0.371,0.367,0.5,0.7,0.723,1.2,1.9,3.1,0.4,0.3,0.5,0.4,1.5,2.6,
472,Timofey Mozgov,26,DEN,C,41,1,8.9,1.1,2.1,0.506,0,0,0,1.1,2.1,0.518,0.506,0.5,0.6,0.769,1.2,1.4,2.6,0.2,0.1,0.4,0.6,1.4,2.6,
473,Sasha Pavlović,29,POR,SG,39,1,13.5,1.1,3.1,0.353,0.5,1.5,0.3,0.6,1.5,0.407,0.429,0,0.2,0.167,0.2,1.3,1.4,0.8,0.6,0.1,0.4,1.5,2.6,
474,Tony Wroten,19,MEM,SG,35,0,7.8,0.9,2.5,0.384,0.1,0.5,0.25,0.8,2,0.414,0.407,0.6,0.8,0.724,0.4,0.4,0.8,1.2,0.2,0.1,0.8,1,2.6,
475,Lazar Hayward,26,MIN,SF,4,0,7.8,0.5,2.5,0.2,0,1,0,0.5,1.5,0.333,0.2,1.5,1.5,1,0,1,1,0.8,0.5,0,0,0.8,2.5,
476,Daniel Orton,22,OKC,C,13,0,8,0.9,2,0.462,0,0,,0.9,2,0.462,0.462,0.7,1.3,0.529,1,1,2,0.3,0.3,0.2,0.3,1,2.5,
477,Kurt Thomas,40,NYK,PF,39,17,10.1,1.2,2.1,0.542,0,0,1,1.1,2.1,0.537,0.548,0.2,0.3,0.462,0.6,1.7,2.3,0.5,0.3,0.4,0.2,1.3,2.5,
478,Lance Thomas,24,NOH,SF,59,9,10.9,0.9,1.8,0.5,0,0,,0.9,1.8,0.5,0.5,0.7,1,0.729,0.7,1.2,1.9,0.3,0.2,0.1,0.2,1.3,2.5,
479,Jan Veselý,22,WAS,PF,51,4,11.8,1.1,2.2,0.5,0,0,0,1.1,2.2,0.504,0.5,0.2,0.8,0.308,0.8,1.5,2.4,0.5,0.3,0.3,0.5,2.1,2.5,
480,Festus Ezeli,23,GSW,C,78,41,14.4,0.9,2.2,0.438,0,0,,0.9,2.2,0.438,0.438,0.6,1,0.531,1.8,2.2,4,0.3,0.3,0.9,0.8,2,2.4,
481,Ish Smith,24,2TM,PG,52,3,9.9,1.1,3.1,0.352,0.2,0.5,0.296,0.9,2.5,0.364,0.377,0.1,0.1,0.429,0.2,0.9,1.2,1.7,0.4,0.2,0.7,0.5,2.4,
482,Ish Smith,24,ORL,PG,36,3,10.5,1.1,3.2,0.336,0.1,0.5,0.235,1,2.8,0.354,0.353,0.1,0.2,0.429,0.3,1,1.3,1.6,0.4,0.2,0.8,0.4,2.4,
483,Ish Smith,24,MIL,PG,16,0,8.6,1.1,2.7,0.395,0.3,0.6,0.4,0.8,2.1,0.394,0.442,0,0,,0.1,0.9,0.9,1.9,0.5,0.2,0.6,0.8,2.4,
484,Hasheem Thabeet,25,OKC,C,66,4,11.7,1,1.6,0.604,0,0,,1,1.6,0.604,0.604,0.5,0.8,0.604,1,1.9,3,0.2,0.5,0.9,0.6,2.2,2.4,
485,D.J. White,26,BOS,PF,12,0,7.2,1,1.9,0.522,0,0,,1,1.9,0.522,0.522,0.4,0.8,0.556,0.3,0.8,1.1,0.3,0.1,0.5,0.2,0.4,2.4,
486,Cory Higgins,23,CHA,SG,6,0,5.3,1,3.2,0.316,0.2,0.8,0.2,0.8,2.3,0.357,0.342,0.2,0.3,0.5,0.2,0.3,0.5,0.8,0.5,0,0,0.8,2.3,
487,Perry Jones,21,OKC,SF,38,1,7.4,1,2.6,0.394,0,0.1,0,1,2.6,0.402,0.394,0.3,0.4,0.667,0.3,1.3,1.6,0.3,0.1,0.2,0.4,0.6,2.3,
488,Darius Miller,22,NOH,SF,52,2,13.3,0.8,2.1,0.407,0.4,1.1,0.393,0.4,1,0.423,0.509,0.2,0.2,1,0.2,1.3,1.5,0.8,0.3,0.2,0.4,1.7,2.3,
489,Cole Aldrich,24,2TM,C,45,0,8.6,1,1.8,0.55,0,0,,1,1.8,0.55,0.55,0.3,0.4,0.6,0.7,2,2.7,0.2,0.1,0.5,0.5,1.3,2.2,
490,Cole Aldrich,24,HOU,C,30,0,7.1,0.8,1.4,0.535,0,0,,0.8,1.4,0.535,0.535,0.1,0.3,0.444,0.4,1.5,1.9,0.2,0.1,0.3,0.5,1.4,1.7,
491,Cole Aldrich,24,SAC,C,15,0,11.7,1.4,2.5,0.568,0,0,,1.4,2.5,0.568,0.568,0.5,0.7,0.727,1.2,3,4.2,0.2,0.1,0.9,0.6,1.3,3.3,
492,Tyshawn Taylor,22,BRK,PG,38,0,5.8,0.8,2.3,0.368,0.2,0.3,0.462,0.7,1.9,0.351,0.402,0.4,0.7,0.556,0.1,0.4,0.5,0.6,0.3,0,0.7,0.7,2.2,
493,James White,30,NYK,SF,57,16,7.6,0.9,2,0.431,0.2,0.7,0.341,0.6,1.3,0.48,0.491,0.2,0.3,0.579,0.1,0.8,0.8,0.5,0.2,0.1,0.3,0.8,2.2,
494,Diante Garrett,24,PHO,PG,19,0,7.8,0.8,2.6,0.327,0.2,0.8,0.2,0.7,1.8,0.382,0.357,0.3,0.5,0.5,0.3,0.5,0.8,1.6,0.5,0,0.8,0.3,2.1,
495,Marquis Teague,19,CHI,PG,48,0,8.2,0.9,2.4,0.381,0.1,0.5,0.174,0.8,1.9,0.433,0.398,0.2,0.3,0.563,0.1,0.9,0.9,1.3,0.2,0.1,0.7,1,2.1,
496,Jon Leuer,23,2TM,C,28,0,6.7,0.9,1.9,0.481,0,0.1,0,0.9,1.8,0.51,0.481,0.2,0.5,0.462,0.5,0.9,1.3,0.3,0.2,0,0.3,0.8,2,
497,Jon Leuer,23,CLE,C,9,0,10.1,1.1,3.1,0.357,0,0.3,0,1.1,2.8,0.4,0.357,0.2,0.7,0.333,0.6,0.9,1.4,0.6,0.2,0,0.6,1.2,2.4,
498,Jon Leuer,23,MEM,PF,19,0,5.1,0.8,1.3,0.625,0,0,,0.8,1.3,0.625,0.625,0.2,0.4,0.571,0.4,0.8,1.3,0.2,0.2,0,0.2,0.5,1.8,
499,Dominic McGuire,27,3TM,SF,26,10,14.9,0.9,2.2,0.429,0,0,,0.9,2.2,0.429,0.429,0.1,0.4,0.3,0.7,2.3,3,0.8,0.5,0.4,0.5,1.5,2,
500,Dominic McGuire,27,TOR,SF,15,9,15.3,1,2.1,0.469,0,0,,1,2.1,0.469,0.469,0.1,0.4,0.333,0.7,2.5,3.2,0.7,0.3,0.5,0.5,1.7,2.1,